date,revenue_eur,operating_cost_eur,ebitda_eur,freight_volume_tkm,road_share,rail_share,sea_share,air_share,fleet_size_total,fleet_ev_count,fleet_ev_share,load_factor,empty_km_ratio,vehicle_km,diesel_consumption_l,electricity_consumption_kwh,renewable_energy_share,warehouse_area_m2,grid_emission_factor_kg_per_kwh,diesel_price_eur_per_l,electricity_price_eur_per_kwh,carbon_price_eur_per_t,scope1_tco2e,scope2_tco2e,scope3_tco2e,total_emissions_tco2e,green_capex_eur
2001-01-01,3640563.324192904,3081760.540056681,558802.7841362231,23355410.561940063,0.7929784201968245,0.08656899411760766,0.09454169744266942,0.025910888242898455,216,0,0.0,0.560721062531768,0.23210163449184526,1769403.1730028042,647067.1172113953,571486.6827981878,0.05597299449595205,60000.0,0.5081100362668874,0.836,0.064,0.0,1791.8412551006381,274.1247862592345,1812.7719235606717,3878.737964920544,0.0
2001-02-01,3330495.064791461,2905236.9958469886,425258.06894447235,22039323.906307023,0.7856526765775835,0.0974952436199725,0.09613611264850781,0.020715967153936123,216,0,0.0,0.5734734302447057,0.3234795741235186,1906504.5380448455,648359.4557397749,571221.1322134301,0.05807297923861589,60000.0,0.5081100362668874,0.85,0.069,0.0,1748.284692015118,273.3879034464319,1812.7719235606717,3834.4445190222214,0.0
2001-03-01,3738413.8743958278,3313790.7221891875,424623.1522066402,26530592.54182784,0.7988539141125107,0.09677499661580824,0.08780265487795677,0.01656843439372436,240,0,0.0,0.521109974104796,0.3130105975743098,2464318.479001279,890761.4379126959,548173.128625294,0.05610643338172055,60000.0,0.5081100362668874,0.812,0.067,0.0,2438.980334745315,262.9048161121869,1812.7719235606717,4514.657074418174,23519.65164155167
2001-04-01,4218572.141284407,3505657.3237780514,712914.8175063557,27682235.150244188,0.7785212612851666,0.09878618400950209,0.10180135204853327,0.020891202656797975,261,0,0.0,0.5725945861236504,0.3272337193003103,2310148.4486489603,884214.9924475413,567056.2864638229,0.05318374698046362,60000.0,0.5081100362668874,0.783,0.068,0.0,2421.9867817970444,272.80331733117896,1812.7719235606717,4507.562022688895,0.0
2001-05-01,3711028.3796362425,3274379.323162906,436649.05647333665,26093368.483148564,0.7905156401460829,0.09738939003380952,0.09809247141512951,0.014002498404978003,281,0,0.0,0.5248445790344989,0.3042215201509788,2289045.122781521,776231.8532437147,578830.5461073493,0.050684795934629615,60000.0,0.5081100362668874,0.774,0.071,0.0,2021.0846810693063,279.2027242211288,1812.7719235606717,4113.059328851106,0.0
2001-06-01,3538950.366522953,3188847.3611130705,350103.0054098824,24613913.71742666,0.7783652284575842,0.09743382737959459,0.1088414039903361,0.015359540172485071,277,0,0.0,0.5155673506473153,0.34873170870925285,2336210.7196745365,745812.3633724534,564686.6537321554,0.03721702219438478,60000.0,0.5081100362668874,0.761,0.071,0.0,2047.0701072617123,276.2445380817499,1812.7719235606717,4136.086568904134,0.0
2001-07-01,3445734.5781860165,3192471.8977436214,253262.68044239515,23560063.281567972,0.7969914913172697,0.0841779499137117,0.0997201090076067,0.019110449761411984,281,0,0.0,0.5204711042981074,0.383068836380204,2529593.9358704104,928375.8408303604,488682.24534900405,0.03430858557657708,60000.0,0.5081100362668874,0.788,0.068,0.0,2353.4989688130945,239.7853822493566,1812.7719235606717,4406.056274623123,0.0
2001-08-01,3280724.720099318,3232204.195925918,48520.5241733999,21581627.46666305,0.7998251002379438,0.092919583984381,0.0904308869332039,0.016824428844471235,281,0,0.0,0.5190143963180974,0.4057123801920896,2399042.314243184,815713.3236768701,528307.5916282714,0.035266720654108276,60000.0,0.5081100362668874,0.8,0.071,0.0,2180.8527032490706,258.9714478454855,1812.7719235606717,4252.596074655228,0.0
2001-09-01,4220016.723590002,3805429.425415082,414587.2981749205,27875467.21497626,0.7743703541808266,0.0978793913410323,0.10707967787962734,0.020670576598513728,297,0,0.0,0.5888060738797241,0.30550455806250343,2314098.212964333,766284.7705126907,529313.4749983277,0.04174497045440404,60000.0,0.5081100362668874,0.826,0.073,0.0,2151.0645242875216,257.7222005068408,1812.7719235606717,4221.558648355034,0.0
2001-10-01,4874810.883575409,4131196.120864384,743614.7627110248,29701937.17904765,0.7635703953834155,0.10008493204243019,0.10643836021149157,0.029906312362662654,297,0,0.0,0.608794072215541,0.2935785124923576,2177202.3611674295,716508.5290479148,581301.8150535815,0.014846296566363298,60000.0,0.5081100362668874,0.831,0.073,0.0,1911.7347300752258,290.98020569263537,1812.7719235606717,4015.486859328533,0.0
2001-11-01,5804361.444619922,4898108.863833112,906252.5807868103,34134753.886413924,0.7562151975706983,0.10252497787929955,0.1063814410092186,0.03487838354078361,297,0,0.0,0.5940804819502593,0.34143760238414705,2325089.6824216703,833228.9184360328,628683.1416375589,0.02186840704140187,70000.0,0.5081100362668874,0.831,0.072,0.0,2265.716610461815,312.4545652749303,1812.7719235606717,4390.943099297417,0.0
2001-12-01,5738714.805833959,4792933.464703346,945781.3411306133,34501989.702697895,0.7732333881309102,0.10005354645655035,0.09885775359360653,0.02785531181893281,297,0,0.0,0.6457399276646503,0.29056743136925345,2282438.283487031,871040.9306081871,612030.2877607985,0.03300273540673755,70000.0,0.5081100362668874,0.852,0.071,0.0,2429.2835539182447,300.715582910806,1812.7719235606717,4542.771060389722,0.0
2002-01-01,3565246.8972225855,3490063.5507201543,75183.3465024312,24610374.169670235,0.7557221973536113,0.10769218369461782,0.11666320324405889,0.01992241570771194,297,0,0.0,0.5375894234759375,0.363916248492819,1956353.7566231834,707421.4147756184,716251.287735633,0.033135057706546615,70000.0,0.5081100362668874,0.853,0.07,0.0,1899.665783723361,351.87547819601525,1977.2888316258384,4228.830093545214,0.0
2002-02-01,3716687.778461522,3540490.488007907,176197.29045361513,23658004.07883606,0.7714476051101199,0.09813989550395597,0.106486080169324,0.023926419216600162,297,0,0.0,0.6115039949918213,0.31616118280243516,1927016.5787098256,633705.1792571957,660114.3578057648,0.034627833575909095,70000.0,0.5081100362668874,0.844,0.071,0.0,1770.420157763017,323.79618333709783,1977.2888316258384,4071.5051727259533,0.0
2002-03-01,4366505.23689365,3877085.304087038,489419.932806612,27564684.90222842,0.7643494823892939,0.10838681241109509,0.105476783180892,0.021786922018718985,297,0,0.0,0.5931342935866402,0.3283577322638233,2311585.441269928,819449.1389741439,659080.3003997186,0.041725420187002864,70000.0,0.5081100362668874,0.869,0.07,0.0,2237.808601869675,320.9120848419198,1977.2888316258384,4536.009518337433,0.0
2002-04-01,4049486.628005696,3879753.3684832463,169733.2595224497,28691676.935216665,0.7739911999948257,0.09948957772127107,0.10315970864129481,0.02335951364260855,297,0,0.0,0.5754377595916705,0.3671255860817455,2256992.667625365,834349.6143513622,681887.7151166775,0.027724121288239787,70000.0,0.5081100362668874,0.857,0.067,0.0,2314.763291335795,336.8683046899364,1977.2888316258384,4628.92042765157,0.0
2002-05-01,5002600.546740981,4046837.3422264364,955763.2045145445,29830460.28942606,0.7642707770680969,0.11263510146631908,0.10403031801082709,0.019063803454757024,297,0,0.0,0.5498597408984479,0.3385227004877193,2261621.0326200076,731520.3692331519,623191.1261818002,0.011968401886159823,70000.0,0.5081100362668874,0.837,0.064,0.0,1936.564380759879,312.8598752689167,1977.2888316258384,4226.713087654634,0.0
2002-06-01,4185606.6138955774,3860734.242074665,324872.37182091223,28699585.87554814,0.7669460286310819,0.11223823989052678,0.09619889104928274,0.02461684042910869,297,0,0.0,0.533593499838967,0.31789600964830506,2341965.116362367,795471.5750928826,621772.3428686403,0.022322744703730055,70000.0,0.5081100362668874,0.81,0.063,0.0,2125.4751947340055,308.8763704591421,1977.2888316258384,4411.640396818986,0.0
2002-07-01,3905800.109775714,3537910.427590063,367889.68218565127,25807270.25917393,0.7678599108619436,0.11457677329812356,0.09358131361262234,0.023982002227310405,297,0,0.0,0.5224670580019274,0.3718656300456012,2468201.629513636,852954.312297303,623173.6770243136,0.04076443121310386,70000.0,0.5081100362668874,0.824,0.064,0.0,2255.292625675667,303.7331175374759,1977.2888316258384,4536.314574838982,0.0
2002-08-01,3908992.223598505,3837500.993624303,71491.22997420188,24155674.825138204,0.7893919218903551,0.0996996408720711,0.08891859431374986,0.021989842923823895,297,0,0.0,0.4869417103701938,0.34376930978443304,2362230.331335692,781563.7457464179,606458.1260308733,0.06298223089764442,70000.0,0.5081100362668874,0.85,0.065,0.0,2065.831312024607,288.7396459097109,1977.2888316258384,4331.859789560156,0.0
2002-09-01,4742547.745720314,4005551.077230346,736996.6684899679,29158421.583273157,0.7620955380298261,0.10959330924244713,0.10906669975746591,0.019244452970260707,297,0,0.0,0.5534191020331442,0.3214525627137515,2383974.773262352,871496.3951018837,620166.3142079096,0.06098510932047162,70000.0,0.5081100362668874,0.842,0.066,0.0,2393.4680301102235,295.89554421371224,1977.2888316258384,4666.652405949774,0.0
2002-10-01,5646428.418280147,4599552.835469139,1046875.5828110082,30923016.03096814,0.7626556693008585,0.10598356294043612,0.10267983943883856,0.028680928319866905,297,0,0.0,0.6108833532413382,0.3118018375970539,2269348.027572164,794797.267673192,633624.1278205585,0.03128163208140421,70000.0,0.5081100362668874,0.867,0.068,0.0,2133.9313317766264,311.8796327630407,1977.2888316258384,4423.099796165506,0.0
2002-11-01,6716941.356243562,5141680.836318736,1575260.519924826,36051751.601801485,0.7488729238024264,0.1131765900148443,0.10807528037297226,0.02987520580975692,297,0,0.0,0.6180541861671087,0.3136496950405366,2433688.449039994,851875.9710590271,648813.6177216852,0.03169184754189658,70000.0,0.5081100362668874,0.813,0.066,0.0,2290.7601421544878,319.22090030802576,1977.2888316258384,4587.269874088352,42265.058483561465
2002-12-01,6064604.898914605,5045957.026768426,1018647.872146179,35791315.498520866,0.7192156999574528,0.11872374533662267,0.13493419816655547,0.02712635653936897,297,0,0.0,0.5742626654619577,0.3558659282268579,2505383.876943963,861328.2754181691,633385.3447906604,0.04094503201419063,70000.0,0.5081100362668874,0.814,0.071,0.0,2352.119474444875,308.6521333581539,1977.2888316258384,4638.0604394288675,0.0
2003-01-01,3676197.541720409,3476220.6836322653,199976.85808814364,22964044.48084287,0.7463870264781575,0.11277051497211732,0.11895247614763041,0.021889982402094842,297,0,0.0,0.5792093661980964,0.30158119558578333,2054653.6388415084,686975.7234354846,656244.22578855,0.044641129200268366,70000.0,0.4901266850571204,0.816,0.07,0.0,1897.4507843152494,307.28430887117213,2163.6403817545784,4368.375474941,0.0
2003-02-01,3618289.759645118,3309802.116734443,308487.6429106747,23482121.84298627,0.7554002782809777,0.12721977022951922,0.097404867889802,0.019975083599701075,297,0,0.0,0.5470091914276608,0.36213282079115533,2251443.7764275437,813979.0888043176,624634.2277257746,0.04708048506969002,70000.0,0.4901266850571204,0.803,0.069,0.0,2217.424425355519,291.73621745193986,2163.6403817545784,4672.801024562037,0.0
2003-03-01,4155653.002663215,3867542.52362694,288110.4790362753,27771548.800362855,0.754771147582579,0.11221505721391477,0.11317845696018727,0.019835338243318876,297,0,0.0,0.5668053073723837,0.31785165604190135,2580633.087703075,866624.2613910747,673084.1037664572,0.03282775431980871,70000.0,0.4901266850571204,0.862,0.07,0.0,2305.694931836469,319.0667199294385,2163.6403817545784,4788.402033520486,0.0
2003-04-01,4697713.296920349,4192439.9934275676,505273.30349278124,29646239.948773783,0.7509739102553326,0.12500548967321898,0.10189971884270495,0.02212088122874356,297,0,0.0,0.5262768903515984,0.2898691296623337,2785387.9433744582,1030124.5851542607,673382.6951922026,0.03752908837594823,70000.0,0.4901266850571204,0.855,0.066,0.0,2729.117538019732,317.6566217031669,2163.6403817545784,5210.4145414774775,0.0
2003-05-01,5127614.2547495775,4447736.227903071,679878.0268465066,30709265.231647823,0.7525240246329928,0.11547273981376227,0.11355804574403996,0.018445189809205006,325,0,0.0,0.5560126450322329,0.3810285856927485,2822000.4960340313,1067504.3234692889,702214.3338698468,0.04392856871600023,70000.0,0.4901266850571204,0.842,0.065,0.0,2821.5321574556788,329.05491316778836,2163.6403817545784,5314.227452378045,0.0
2003-06-01,4844572.497577556,4247331.354314087,597241.1432634695,30991252.113322932,0.752289462354177,0.12080191805902903,0.10757204261438344,0.019336576972410376,325,0,0.0,0.5375705430790451,0.3794883957834834,2778050.8804959194,1052484.1503036285,623720.0857110436,0.04971763341279935,70000.0,0.4901266850571204,0.842,0.068,0.0,2758.415956558423,290.50308510279,2163.6403817545784,5212.559423415792,0.0
2003-07-01,4480418.5474792365,4220157.001199053,260261.54628018383,28277552.436712332,0.7861181757353027,0.0879014668336263,0.10486166489139714,0.021118692539673804,341,0,0.0,0.5361301668747067,0.3705218050511999,2736166.141541387,892520.0259168579,589121.536755087,0.03411713399353849,70000.0,0.4901266850571204,0.8,0.065,0.0,2417.550660133643,278.89306182513326,2163.6403817545784,4860.084103713354,0.0
2003-08-01,3945456.792029821,3807197.397500841,138259.3945289799,25355683.385330748,0.7892263705521703,0.09725668615270269,0.09053803981238571,0.02297890348274146,341,0,0.0,0.483245776449021,0.3827268956689581,2461221.035678258,832326.8324634312,611764.3155099627,0.03245828291377012,70000.0,0.4901266850571204,0.797,0.069,0.0,2242.360828809633,290.1096590124661,2163.6403817545784,4696.110869576678,0.0
2003-09-01,4901997.331354796,4607880.451038204,294116.8803165918,32281344.495417017,0.7708564131141346,0.09856846056699461,0.10932699725934461,0.021248129059526322,341,0,0.0,0.5368665499045747,0.3611767726415856,2888165.563195747,999552.5045509465,607637.4610574218,0.001472001064855684,70000.0,0.4901266850571204,0.835,0.073,0.0,2644.9373113290353,297.38094412707386,2163.6403817545784,5105.958637210688,0.0
2003-10-01,5642907.6388683785,4865489.16428936,777418.4745790185,33308416.044274822,0.7851917175626155,0.09210415857259814,0.09459824681370652,0.028105877051079642,341,0,0.0,0.5833991956287402,0.33458564658980433,2229870.009271044,824151.0116690372,602841.1044408238,0.01345615232303588,70000.0,0.4901266850571204,0.831,0.072,0.0,2201.3789857890633,291.49264282979476,2163.6403817545784,4656.512010373437,0.0
2003-11-01,6580480.694716564,5442279.162958995,1138201.531757569,37760820.641058564,0.7798396154368171,0.08998113652520895,0.10061387038732958,0.02956537765064449,341,0,0.0,0.5869382780457757,0.2938217155176783,2536363.580443441,852011.3112814008,630066.1376319054,0.01983590831020418,70000.0,0.4901266850571204,0.824,0.073,0.0,2425.7923359081756,302.6866563764081,2163.6403817545784,4892.119374039163,0.0
2003-12-01,6790605.992878364,5496617.395209275,1293988.5976690892,38517059.24986193,0.7689054651549456,0.08937378657377375,0.1149298261928159,0.026790922078464677,341,0,0.0,0.6277018468934361,0.23333182805974045,2353092.7544094073,918200.6573656858,728900.2163364645,0.016511714242503233,85000.0,0.4901266850571204,0.87,0.076,0.0,2628.570395760721,351.35457994518697,2163.6403817545784,5143.565357460486,0.0
2004-01-01,4027985.600952622,3766402.0473413877,261583.5536112343,24713573.41384524,0.779427713596299,0.09119887192618313,0.10947585414451548,0.019897560333002356,324,0,0.0,0.5875050565217221,0.37866228448671774,1955726.0295846611,739253.1327754328,719257.7043170341,0.02793682029161936,85000.0,0.505266215290959,0.91,0.074,0.0,2017.733611182752,353.26391332886675,1874.079336094347,4245.0768606059655,0.0
2004-02-01,3802965.345409725,3816283.8443032946,-13318.49889356969,23404146.817386825,0.7808784377589375,0.09331605928826538,0.10839958451078942,0.01740591844200761,324,0,0.0,0.5577882086288305,0.3634246557681624,2078829.0621589264,727365.6646868224,764013.9223039448,0.03213364703372254,85000.0,0.505266215290959,0.924,0.076,0.0,1981.7771703840426,373.62585759669315,1874.079336094347,4229.482364075083,0.0
2004-03-01,4374308.932258817,4026965.0201641177,347343.9120946997,26737122.754257858,0.7814239346262493,0.09363382721711358,0.10739227700032997,0.01754996115630714,324,0,0.0,0.5357939672008881,0.2990852038463324,2224233.4059495335,743217.7953507846,817138.5027325831,0.007892080887889345,85000.0,0.505266215290959,0.913,0.074,0.0,2005.18131217386,409.6140556463697,1874.079336094347,4288.8747039145765,0.0
2004-04-01,4901325.203890347,4192863.9533720855,708461.2505182615,31476892.064225815,0.7842117680917239,0.09213749971707935,0.1029596172452125,0.020691114945984086,324,0,0.0,0.5505182569617457,0.2808820396583407,2237890.6427042065,808427.510963655,773317.2664755752,0.028876011319843513,85000.0,0.505266215290959,0.911,0.072,0.0,2214.771485395368,379.44833311813045,1874.079336094347,4468.299154607846,0.0
2004-05-01,5136252.540116742,4443999.866509903,692252.673606839,32023415.427826177,0.7653697413244261,0.10677599659881723,0.11077091154913102,0.017083350527625496,324,0,0.0,0.6056347782197627,0.30796060372809003,2221238.5023591854,737345.2158257423,826924.9475895929,0.02073848443770071,85000.0,0.505266215290959,0.897,0.071,0.0,1971.3493650256867,409.1523422977949,1874.079336094347,4254.581043417828,0.0
2004-06-01,5230837.7084862245,4880150.3573085535,350687.351177671,32854016.42480532,0.7596398914859498,0.10743988838294521,0.11238702546727236,0.020533194663832705,324,0,0.0,0.5666164902421242,0.2921343844853452,2416039.569196403,780282.0966274303,798893.7995893514,0.0382160352377407,85000.0,0.505266215290959,0.882,0.072,0.0,2115.3211334282723,388.22798927157555,1874.079336094347,4377.628458794195,0.0
2004-07-01,4441627.246802835,4025278.2596644005,416348.9871384343,26650411.0826065,0.7581502384913985,0.10643673822553334,0.11718307542865178,0.018229947854416333,308,0,0.0,0.4938004492859497,0.3466789088307863,2423311.520477383,763999.6420385326,756769.8199608575,0.021425140905719932,85000.0,0.505266215290959,0.873,0.076,0.9,2137.4166610300103,374.17788687687187,1874.079336094347,4385.673884001229,0.0
2004-08-01,4185573.153824165,3971687.18306253,213885.97076163488,25963248.543331616,0.7525661700707252,0.1193978314125349,0.10848879144063427,0.01954720707610554,308,0,0.0,0.5013211621447119,0.40059440532369534,2362956.99621589,785205.3696477037,729312.7225890906,0.031372535639466924,85000.0,0.505266215290959,0.879,0.075,2.7,2110.5806574138633,356.93639135883825,1874.079336094347,4341.596384867048,0.0
2004-09-01,5267107.479408144,4607262.590876703,659844.8885314409,33443450.676060352,0.7472410077948979,0.10901797455001129,0.12462038553423814,0.01912063212085269,308,0,0.0,0.5280603922242613,0.30187933216382934,2480353.632087236,813809.0876656268,759388.0152037943,0.03351288928589237,85000.0,0.505266215290959,0.876,0.072,4.92,2221.1224814314164,370.83444371845786,1874.079336094347,4466.036261244221,32723.950191353728
2004-10-01,6332778.76807335,5017814.732363541,1314964.0357098095,36964192.80334648,0.729276863830588,0.1352724234609194,0.1067955944246065,0.02865511828388616,310,0,0.0,0.630087295676124,0.25424518090105436,2189830.9831012995,712277.5673158824,795270.6837312015,0.03939751679333733,85000.0,0.505266215290959,0.862,0.07,6.93,1930.1917333933675,385.9925640163543,1874.079336094347,4190.263633504069,0.0
2004-11-01,7102658.319179797,5853233.91138382,1249424.4077959768,40845415.1640465,0.7399962944676718,0.11121981104520944,0.1167952190190208,0.03198867546809802,308,0,0.0,0.6302847435146085,0.3070936974597948,2309160.7391394502,846612.0433122498,823469.4715155156,0.040495855363572225,85000.0,0.505266215290959,0.896,0.072,9.01,2286.727306787626,399.22213996171917,1874.079336094347,4560.028782843692,0.0
2004-12-01,7169135.78519338,5770941.554844314,1398194.2303490657,40662049.70568762,0.7388216285195901,0.11673106598090317,0.11706984134424912,0.027377464155257564,308,0,0.0,0.6157151886090285,0.31085068937100035,2881370.885282928,888289.3352859556,791156.4079490773,0.03957704583409511,85000.0,0.505266215290959,0.926,0.078,11.49,2514.488948547021,383.92389343525315,1874.079336094347,4772.492178076622,0.0
2005-01-01,4384986.787934575,3985051.090990974,399935.6969436011,27826302.249172397,0.7616764942696921,0.1190009114019557,0.10226193200475565,0.017060662323596366,308,0,0.0,0.6182386859189131,0.30675899946197505,2331242.574763556,787946.3962990072,777815.3309076262,0.018815047677284615,85000.0,0.47785557167817566,0.991,0.079,13.57,2148.0655335669135,364.69014891452906,1784.501882499144,4297.257564980586,0.0
2005-02-01,4302264.452551795,3936411.9685109565,365852.48404083867,25809672.396616545,0.7581193168035141,0.12224580510110035,0.10296234048097107,0.0166725376144144,308,0,0.0,0.5548304859558115,0.24823415780708105,1824255.4440471795,688679.6006347715,774494.1122990963,0.010651501092036612,85000.0,0.47785557167817566,0.984,0.078,14.64,1970.6364530330222,366.1542453650601,1784.501882499144,4121.292580897227,0.0
2005-03-01,4977572.426514049,4597919.319278158,379653.1072358908,30812132.03265661,0.7750187302766676,0.1034978035255625,0.10290726610894879,0.018576200088821035,312,0,0.0,0.5903497679171151,0.2815866787970904,2402334.305474148,791611.729584528,731832.8321713931,0.017050188150428504,85000.0,0.47785557167817566,1.006,0.08,14.46,2150.313449830926,343.747768333507,1784.501882499144,4278.563100663577,0.0
2005-04-01,5597319.16530063,4796186.354177054,801132.811123576,32921467.054745417,0.7685432405568892,0.10915648962344184,0.10388894848558498,0.01841132133408405,308,0,0.0,0.6308105964637433,0.302306721053096,2440175.5372795537,804473.0167427529,761380.7584593719,0.030258393856143453,85000.0,0.47785557167817566,1.027,0.079,15.94,2154.319148434666,352.8211250240193,1784.501882499144,4291.642155957829,0.0
2005-05-01,5433585.551117614,4312113.011407402,1121472.5397102116,32256026.988292515,0.7715221695726816,0.109035843264091,0.10263712055443293,0.01680486660879441,306,0,0.0,0.5948496139743363,0.2983557162882207,2502051.089982902,843388.1279829484,783478.3042422462,0.026706805210828462,85000.0,0.47785557167817566,1.03,0.078,18.58,2216.737828153764,364.3907262435016,1784.501882499144,4365.630436896409,42026.79622430359
2005-06-01,5387945.811666063,4626645.711045555,761300.1006205082,32896353.784107633,0.7683518225209988,0.10674124887426709,0.10817803904865099,0.0167288895560831,308,0,0.0,0.554809265540496,0.2723564984848876,2563865.26509418,832808.2373323534,680224.4622484937,0.04202829234102978,85000.0,0.47785557167817566,1.063,0.076,20.08,2200.236452592847,311.38779280903617,1784.501882499144,4296.126127901027,0.0
2005-07-01,4768338.312128067,4823286.245772645,-54947.93364457786,27335680.071519826,0.7490593709607153,0.1085009677038999,0.12611395608985063,0.016325705245534197,308,0,0.0,0.4757711164164759,0.29945457850986135,2672966.9046269753,783937.0426532764,729030.7303321284,0.037227882583123185,85000.0,0.47785557167817566,1.09,0.081,21.81,2112.8988063202632,335.4022669728049,1784.501882499144,4232.802955792212,0.0
2005-08-01,4483489.08150726,4566000.935073044,-82511.85356578417,25823670.29030975,0.7434058480419432,0.10879289412401132,0.13029354761852716,0.017507710215518273,308,0,0.0,0.4523015168639708,0.36800448579358896,2658896.5852245977,872811.0676358513,696825.0895050089,0.025477087761058954,85000.0,0.47785557167817566,1.098,0.074,21.56,2240.1346225140683,324.49834619918505,1784.501882499144,4349.134851212397,0.0
2005-09-01,5745366.8093554005,5248056.074093522,497310.73526187893,34886861.17174568,0.749926010314753,0.11266099439123943,0.12026037876581114,0.017152616528196385,326,0,0.0,0.5095329088296119,0.3514427072824401,2780754.2544543375,1004424.0794292804,668324.7068593464,0.02937746913158995,85000.0,0.47785557167817566,1.089,0.078,22.59,2672.356149829809,309.9806174465799,1784.501882499144,4766.838649775533,0.0
2005-10-01,7185154.503495886,6260229.510152452,924924.9933434343,39921340.60012562,0.7525543909572292,0.11796666916417725,0.09740300390111763,0.03207593597747584,326,0,0.0,0.5514521204010676,0.3258770867919928,2719736.8048084066,903168.869145144,757951.7318151143,0.03698790559641262,85000.0,0.47785557167817566,1.079,0.078,21.56,2409.4247528719434,348.7947546505389,1784.501882499144,4542.721390021627,53880.30734617576
2005-11-01,7418210.86506574,6517506.939435528,900703.9256302128,44006202.4431014,0.7440761541616006,0.1187408094593384,0.11240792214644926,0.024775114232611813,344,0,0.0,0.5623140192813173,0.2945887273154665,3037155.65708239,993478.0301557386,725066.7393813672,0.044640823945129186,85000.0,0.47785557167817566,1.044,0.078,21.49,2749.232408128421,331.01015440264274,1784.501882499144,4864.744445030208,0.0
2005-12-01,7496299.380194293,6416148.598271768,1080150.7819225257,42174135.9908358,0.7564444449126653,0.1032753230421516,0.11004709179390104,0.030233140251282094,344,0,0.0,0.6169551854575568,0.297246117759867,2580125.5159786404,994850.4241506509,721346.4409651038,0.06541862868899898,85000.0,0.47785557167817566,1.033,0.084,21.4,2744.734479537934,322.14965282565873,1784.501882499144,4851.386014862737,0.0
2006-01-01,4205272.29648943,4181718.526095883,23553.77039354667,25486212.21772396,0.7584952528799772,0.11196190684059731,0.11253344578982014,0.01700939448960524,344,0,0.0,0.573196524360674,0.35382930044191324,1992756.0349107503,757850.2202257722,790215.846359369,0.041804422702194345,85000.0,0.4755373765727784,1.031,0.082,22.4,2071.1074770255686,360.0680228263895,2112.916577314234,4544.092077166192,0.0
2006-02-01,3975862.7742546876,4166094.9636242557,-190232.18936956814,24671914.636259414,0.762504006667588,0.10619045647285734,0.1156271366202294,0.01567840023932522,344,0,0.0,0.5581308126912232,0.3612401926796034,2386227.964875562,810778.119457594,761500.9704185063,0.038607850686109876,85000.0,0.4755373765727784,1.016,0.081,19.59,2210.3581850342616,348.141414916927,2112.916577314234,4671.416177265422,87114.07717234692
2006-03-01,5048376.35500741,4842649.760355586,205726.59465182386,31831023.67092573,0.7484432027991684,0.11268367017481004,0.11974052168803882,0.019132605337982667,344,0,0.0,0.5336588614512395,0.27825167730289885,2590369.28510326,798176.3687180014,743027.8443615917,0.04318015019098387,85000.0,0.4755373765727784,1.049,0.082,18.59,2195.131320942289,338.08034499938617,2112.916577314234,4646.128243255909,0.0
2006-04-01,5661972.154625335,5205687.199548469,456284.95507686585,34170471.157205105,0.7475204596539983,0.12219074805084609,0.1112469925175748,0.019041799777580797,344,0,0.0,0.5743910420809117,0.2807830796569435,2603518.8422040204,963328.557858852,752380.6665644622,0.04378175157121356,85000.0,0.4755373765727784,1.1,0.084,18.98,2645.7111628654156,342.12066875631666,2112.916577314234,5100.748408935966,0.0
2006-05-01,6261540.163554605,5329617.4974653805,931922.6660892246,38713567.89550877,0.7515162451137072,0.10887156501741212,0.11838118817002027,0.021231001698860573,342,0,0.0,0.5795183495453923,0.33781169202418604,2766841.7040604777,951232.8919218975,706705.3673887118,0.03335843493794714,85000.0,0.4755373765727784,1.08,0.084,19.96,2507.968715527543,324.8542201045189,2112.916577314234,4945.739512946296,0.0
2006-06-01,6311678.258826997,5474276.169067309,837402.0897596879,38066261.46282016,0.7598115694481019,0.10753435506841252,0.11267646307443786,0.01997761240904764,344,0,0.0,0.5816491287472109,0.2214583890076069,2773744.738417517,990122.5819563864,739429.562759686,0.017517971706136504,85000.0,0.4755373765727784,1.1,0.08,19.38,2592.5379403535435,345.4666132062529,2112.916577314234,5050.9211308740305,0.0
2006-07-01,5306116.723066326,4680847.13085452,625269.5922118062,31374354.85117361,0.7655829277808944,0.11139297329858353,0.10118499996508722,0.021839098955434837,344,0,0.0,0.5513652574894498,0.34608161994419356,3274755.3736718614,942702.3445164596,732838.5322376201,0.022138305691100882,85000.0,0.4755373765727784,1.076,0.08,17.78,2487.352693662178,340.7770881416038,2112.916577314234,4941.046359118016,0.0
2006-08-01,4796608.787078484,4868852.543855851,-72243.75677736662,28635115.07896721,0.7737960845722839,0.09492651239488986,0.11339383895443066,0.017883564078395735,344,0,0.0,0.515194082504527,0.34300284292432187,2919861.9197893357,828988.4071689092,710839.8107231042,0.017019016086940217,85000.0,0.4755373765727784,1.077,0.085,16.74,2183.138956459824,332.27794545096526,2112.916577314234,4628.333479225023,0.0
2006-09-01,6469388.146042465,5841928.826006981,627459.3200354846,39509074.956846416,0.7490655060877898,0.11549345671292774,0.11546940391366965,0.019971633285612914,378,0,0.0,0.5078590696418491,0.3090949023074716,3312789.5717033306,1117282.5633478747,724703.098459948,0.006209184864422708,85000.0,0.4755373765727784,1.066,0.086,15.67,3020.7115145707085,342.4835797730457,2112.916577314234,5476.111671657988,0.0
2006-10-01,7302347.937661759,6486901.4806257645,815446.4570359942,44437010.16677164,0.7319864086155293,0.12939660560984895,0.11327134297646659,0.02534564279815504,378,0,0.0,0.6079030134569603,0.3203540370258083,2960880.5842105714,1030430.1905733452,747198.2639621795,0.012794516058646767,85000.0,0.4755373765727784,1.096,0.089,13.55,2784.543246682261,350.7745457937307,2112.916577314234,5248.234369790225,0.0
2006-11-01,8344735.489889247,7389119.331918034,955616.1579712136,46385386.01849543,0.7499814229751091,0.12730420023239436,0.09306732768168705,0.029647049110809603,413,0,0.0,0.5783876786405582,0.3687684684896571,3647510.458563678,1292966.4520060187,757229.8268314233,0.011460043213892844,85000.0,0.4755373765727784,1.082,0.088,12.07,3586.3527215195827,355.96442591543746,2112.916577314234,6055.233724749254,27662.8144893087
2006-12-01,7547952.984162928,7108714.976881022,439238.007281906,45140218.1973612,0.7549097290646744,0.10496242717024444,0.1177203532442878,0.022407490520793234,413,0,0.0,0.572122294158837,0.32747736955099443,3267172.2469561095,1171732.6974097362,832165.6219733162,0.03353909933991161,100000.0,0.4755373765727784,1.121,0.087,11.07,3270.048425248377,382.4535679264277,2112.916577314234,5765.418570489039,0.0
2007-01-01,4260427.181287082,4917208.762245239,-656781.5809581568,30437133.22523502,0.7509419697355099,0.12131693186487585,0.11437728738716624,0.013363811012447869,413,0,0.0,0.5171029328131712,0.35878896507671093,2344344.6561405417,834604.2543445567,927434.5489988064,0.045522178833187425,100000.0,0.47455343579823744,1.115,0.093,10.25,2437.0167432498433,420.0821554656694,2468.290459754734,5325.389358470247,0.0
2007-02-01,5007251.343245021,4921984.38121055,85266.96203447133,31097212.793284956,0.7406691182119155,0.11443973651493551,0.12954125196933758,0.015349893303811486,413,0,0.0,0.59211077492434,0.29747572879961276,2502722.7178007653,825250.0031360493,859285.7225012472,0.03266349990564664,100000.0,0.47455343579823744,1.099,0.092,8.59,2285.317703135361,394.45756820740627,2468.290459754734,5148.065731097502,0.0
2007-03-01,5768172.119011441,5715197.7676131325,52974.35139830876,35043465.45400504,0.7495544748851661,0.12593456704560016,0.11041613595592155,0.014094822113312174,413,0,0.0,0.5134348827177557,0.30458508359516684,3011250.1454495094,1092721.8165732883,906380.0830137021,0.03409926857355,100000.0,0.47455343579823744,1.068,0.091,6.66,2953.765199647457,415.4588079542346,2468.290459754734,5837.5144673564255,0.0
2007-04-01,6340321.195348587,5795509.93418365,544811.2611649372,39223753.06970321,0.7563399337441798,0.11912444767972545,0.10837863329120563,0.0161569852848891,413,0,0.0,0.5412617351535581,0.3098829474615154,3978611.767836853,1244543.202569842,864827.1159105353,0.01121275401121784,100000.0,0.47455343579823744,1.088,0.095,4.84,3262.8819308166894,405.80489008809394,2468.290459754734,6136.977280659517,31689.447858228108
2007-05-01,6623471.23115311,6506195.972205501,117275.25894760899,40833544.64308059,0.7176725579338377,0.13803027940098747,0.12692317277234674,0.017373989892828155,413,0,0.0,0.5332406475251141,0.24729794547255832,3766007.0033496153,1120783.8038818268,873254.0524881455,0.019229564035594702,100000.0,0.47455343579823744,1.123,0.092,3.25,3060.311965783472,406.4368697778819,2468.290459754734,5935.039295316088,0.0
2007-06-01,6715906.397964936,6122265.875767635,593640.5221973006,39986416.613501534,0.7328386942514767,0.1558492736169249,0.09345120383523829,0.017860828296360046,413,0,0.0,0.5481904842293879,0.3193413092113945,3228589.197719439,1097870.960431381,888852.0874543412,0.03287917688408178,100000.0,0.47455343579823744,1.134,0.09,1.59,2943.7943729354315,407.93911835546925,2468.290459754734,5820.023951045635,0.0
2007-07-01,6212905.711839214,6190617.689401731,22288.022437483072,35403788.61615108,0.746596739660714,0.12064287634465728,0.11400355628714463,0.01875682770748414,413,0,0.0,0.5304813977729393,0.44070461945240497,3588219.5498463134,1176319.282755839,875644.418617674,0.05104743541725612,100000.0,0.47455343579823744,1.213,0.091,1.81,3183.753859250142,394.32781263906304,2468.290459754734,6046.372131643939,0.0
2007-08-01,5718270.271318739,6006678.847071175,-288408.5757524362,34367571.921224244,0.7459442131719273,0.12111578622867152,0.11417342968582703,0.018766570913574327,414,0,0.0,0.5160746669686556,0.3750954590494055,3192353.4834082914,1102424.7298446223,751414.0382715729,0.036215856991067844,100000.0,0.47455343579823744,1.263,0.092,3.55,2881.8476033428915,343.6720418747947,2468.290459754734,5693.81010497242,50708.72368254875
2007-09-01,7243519.219301921,6846992.644716009,396526.57458591275,43484554.14245746,0.7438200273533041,0.13624340230240423,0.10085408130012694,0.019082489044164708,413,0,0.0,0.5342007555921418,0.32482506681226564,3680114.985965925,1157059.2788741507,837195.6854657364,0.05176199871277126,100000.0,0.47455343579823744,1.248,0.093,5.76,3144.7841367526134,376.72935285120195,2468.290459754734,5989.803949358549,0.0
2007-10-01,8891335.857603036,7441740.928309884,1449594.929293152,48193973.237500355,0.7396681411470558,0.12402082743856474,0.10090448223595866,0.03540654917842074,413,0,0.0,0.602681960987883,0.2733083602499781,3138989.9185426445,955450.8445895263,907519.4934784799,0.026017411141941366,100000.0,0.47455343579823744,1.239,0.101,7.17,2622.2215134463645,419.46166645285155,2468.290459754734,5509.97363965395,0.0
2007-11-01,9574171.711646935,8476876.766603032,1097294.9450439028,50877804.61385338,0.7507491829128741,0.1321139913289341,0.09017553895803966,0.02696128680015219,413,0,0.0,0.5601392642391114,0.28402543258603835,3520268.915659054,1196495.5892686155,861924.3792038963,0.017650081553066216,100000.0,0.47455343579823744,1.262,0.101,8.76,3264.021344671223,401.80977724344024,2468.290459754734,6134.121581669397,0.0
2007-12-01,9313297.125587806,7805653.71059619,1507643.4149916163,50503866.962398455,0.7455454756262451,0.1284745002799341,0.10008465218990856,0.025895371903912303,413,0,0.0,0.6027002965393259,0.31560650324804285,3327173.9803894823,1067709.5770727498,905883.2432646933,0.039369725169257186,100000.0,0.47455343579823744,1.239,0.092,10.59,2903.203854840897,412.96535415284757,2468.290459754734,5784.459668748478,0.0
2008-01-01,5705382.6027087625,5609714.142776884,95668.45993187837,32289263.723177318,0.7476455076826269,0.13401682917810606,0.0986777528933365,0.01965991024593042,413,0,0.0,0.5226465541670122,0.3915046752984374,2835951.360959743,959008.4541798119,932796.8108240226,0.06318433081812073,100000.0,0.45412404877369655,1.293,0.094,13.73,2718.240656000806,396.8402366146615,2553.8271582318234,5668.908050847291,155765.6292386598
2008-02-01,5963972.492004324,5795823.227883843,168149.26412048098,33290076.678207718,0.7537001297488861,0.13128467116453146,0.09469605299155633,0.020319146095026094,413,0,0.0,0.538696840271935,0.3810536106514923,2939856.2202068316,989636.8662599424,853967.7886951634,0.05764281382082522,100000.0,0.45412404877369655,1.312,0.095,15.12,2846.2600303856952,365.4530051717598,2553.8271582318234,5765.540193789278,0.0
2008-03-01,6784342.399593421,6311357.701844873,472984.69774854835,39892279.20645231,0.7453000568416772,0.12266966481214218,0.11096694803739862,0.021063330308781873,413,0,0.0,0.5713900303102573,0.33807793308773715,3485237.532733454,1090426.3631327462,760649.2525681088,0.047173325120918715,100000.0,0.45412404877369655,1.327,0.096,16.26,2903.262502719078,329.1340781703952,2553.8271582318234,5786.223739121297,0.0
2008-04-01,7133466.413103874,6812291.383625134,321175.02947873995,43148466.23525429,0.7400970411326471,0.12523808975864595,0.11674180835601358,0.01792306075269334,413,0,0.0,0.5635043677061432,0.3122004567071838,3532823.295860259,1110367.3815798375,839764.8535681734,0.01585816925417281,100000.0,0.45412404877369655,1.358,0.097,17.49,3043.501359807868,375.3097848817472,2553.8271582318234,5972.638302921439,0.0
2008-05-01,7724589.249460371,7076855.991305171,647733.2581552006,44143222.234733686,0.750641553289668,0.12384438234708965,0.10296811377950413,0.022545950583738147,413,0,0.0,0.5231043420276889,0.32031269394624656,4028568.679061192,1098615.8112271447,814615.3145205829,0.0014678779558233675,100000.0,0.45412404877369655,1.426,0.098,21.03,2805.550834481885,369.3933833294489,2553.8271582318234,5728.771376043158,0.0
2008-06-01,7459098.640519613,7303046.61292038,156052.0275992332,44671335.01431098,0.7462436278908161,0.12267083972706408,0.10756332846218684,0.02352220391993287,444,0,0.0,0.5857044285593475,0.2918174219239037,3487406.83549156,1183920.682368359,824576.2651970673,0.022225165020313624,100000.0,0.45412404877369655,1.425,0.098,19.55,3205.727765275393,366.1374787346491,2553.8271582318234,6125.692402241865,24902.42239183467
2008-07-01,7466825.622212079,7021375.005507192,445450.6167048877,39309456.19786403,0.760006041352611,0.11717408629380034,0.101458793620763,0.021361078732825757,444,0,0.0,0.5122153758381816,0.3000702700456759,3889239.668322834,1066933.0848180603,852311.742989422,0.026183727537104164,100000.0,0.45412404877369655,1.396,0.1,19.22,2776.1329144050806,376.92071008602665,2553.8271582318234,5706.88078272293,0.0
2008-08-01,6911558.230295443,6752082.166962265,159476.06333317794,37771690.71824574,0.7504695717737945,0.12107137612638227,0.1087854366817802,0.019673615418043033,444,0,0.0,0.567961589020514,0.3202519832117588,3465156.3892786764,1100990.7163276654,851968.6962490954,0.01976645772714831,100000.0,0.45412404877369655,1.412,0.098,21.8,2928.767513180066,379.25184167617425,2553.8271582318234,5861.846513088063,0.0
2008-09-01,8075426.747811895,7442836.511390245,632590.2364216503,46853244.289430775,0.7539942259721838,0.12308596544958597,0.10286782362186107,0.020051984956369222,444,0,0.0,0.5499871938164994,0.33567620321888936,4013901.290152654,1307129.8865298708,888140.7217142422,0.0323232325692164,100000.0,0.45412404877369655,1.399,0.095,21.54,3405.198327812721,390.2892583733,2553.8271582318234,6349.314744417845,0.0
2008-10-01,9463663.36564748,8066798.76694742,1396864.5987000596,47776815.867178574,0.729927379908793,0.13670299828973637,0.1014560994549397,0.031913522346530956,444,0,0.0,0.5873212359510226,0.30089589336026307,3262278.483438623,1108368.1369171853,869768.2505138837,0.03560426873985115,100000.0,0.45412404877369655,1.336,0.108,19.37,2953.493680824495,380.9196099525883,2553.8271582318234,5888.240449008907,0.0
2008-11-01,9064291.07834544,7956312.067697973,1107979.0106474673,47925904.68181252,0.7564220668163302,0.12268483751041807,0.09614277878048963,0.02475031689276211,443,0,0.0,0.6068702024407178,0.2814265308684061,3382968.733120472,1151653.521966423,869959.2228257405,0.05008867715166188,100000.0,0.45412404877369655,1.293,0.103,18.58,3173.5866876332525,375.28090068125834,2553.8271582318234,6102.6947465463345,0.0
2008-12-01,8403269.467800617,7478405.160319198,924864.3074814193,42969863.2964956,0.7372758179030416,0.11645256353540627,0.12354619007056739,0.022725428490984703,444,0,0.0,0.5308043677809914,0.32269035852650996,3396476.8610848924,1077537.558073649,865266.961630467,0.04770433659308549,100000.0,0.45412404877369655,1.262,0.103,17.9,2847.777771599999,374.19366370945477,2553.8271582318234,5775.798593541278,0.0
2009-01-01,4925030.800773615,5157455.724317752,-232424.9235441368,27162874.73785263,0.7471553653953766,0.1318541447303455,0.10813483425104335,0.012855655623234517,422,0,0.0,0.5648151398610276,0.3216822853930395,2524284.192001473,825343.3702048074,822999.6689461363,0.06059110355924383,100000.0,0.46088133019907085,1.237,0.098,17.93,2270.8287894755413,356.32266260342817,2470.3457084156253,5097.497160494595,0.0
2009-02-01,4624787.881064317,5060666.915544218,-435879.0344799012,27626170.42164142,0.7435940902839201,0.12460679338144148,0.11537302179147477,0.016426094543163634,422,0,0.0,0.4942789048608887,0.3146241013775177,2802175.556972032,964735.5042309935,800867.0397993055,0.04886974860898126,100000.0,0.46088133019907085,1.158,0.099,18.76,2616.141693861147,351.0666143474048,2470.3457084156253,5437.554016624177,0.0
2009-03-01,5822083.961781695,5909648.717022593,-87564.75524089858,35002057.74532214,0.7361035969897561,0.13248587178017554,0.1141984013474057,0.017212129882662672,422,0,0.0,0.5128747661688045,0.32531684146602197,3249452.873176654,1121450.366137978,829711.2234586362,0.04666647519940068,100000.0,0.46088133019907085,1.088,0.096,17.9,3142.3044530499164,364.5532263225533,2470.3457084156253,5977.203387788095,0.0
2009-04-01,6278358.688237404,6139443.005958684,138915.68227872066,36611186.69396204,0.7291056386544541,0.11361679237346044,0.13808789288286333,0.01918967608922209,422,0,0.0,0.5548802220753668,0.30328804906385803,3047967.491256137,869269.0565309942,861016.4495261868,0.05643154939834051,100000.0,0.46088133019907085,1.048,0.096,16.23,2379.8074596382326,374.43287761537357,2470.3457084156253,5224.586045669232,0.0
2009-05-01,6494742.352957031,6293859.500747066,200882.85220996477,40112371.50189298,0.7474688857736976,0.11575069879817278,0.12121383655906824,0.015566578869061438,422,0,0.0,0.5187895475553563,0.274597639300375,3110261.7190329223,972737.8539690868,858871.4169567203,0.0357855209896841,100000.0,0.46088133019907085,1.011,0.101,15.85,2561.488848884984,381.6725391765921,2470.3457084156253,5413.507096477201,0.0
2009-06-01,6543233.192775113,6204546.124271803,338687.06850331,40979611.9908837,0.7534498958746569,0.1148869022080995,0.11287552290944713,0.01878767900779649,422,0,0.0,0.5157740150966239,0.3368870726909342,3429839.1238131267,1146265.1166893952,824215.1837382847,0.07906382145182794,100000.0,0.46088133019907085,0.986,0.103,14.22,3041.6351294295623,349.831780860993,2470.3457084156253,5861.812618706181,0.0
2009-07-01,6030578.606385475,6033395.925903996,-2817.319518521428,35851532.232949555,0.7578658792918581,0.11145341691446324,0.11216772297239032,0.01851298082128828,423,0,0.0,0.5064883675056197,0.28984441837806957,3493008.4156486024,1066835.8934796427,827446.2639940868,0.06088474374653474,100000.0,0.46088133019907085,1.014,0.105,13.03,2967.618991504054,358.13586168888276,2470.3457084156253,5796.100561608562,0.0
2009-08-01,5555898.879317665,5875382.532101936,-319483.65278427117,36726302.23768839,0.7511938506091763,0.09798700706916233,0.13185927398194583,0.018959868339715587,419,0,0.0,0.5035513436380412,0.27804744841381546,3011926.7604767694,1015062.1602790443,843790.4619533824,0.055720675093436825,100000.0,0.46088133019907085,1.031,0.098,12.0,2746.8997150998734,367.21820926605903,2470.3457084156253,5584.463632781558,0.0
2009-09-01,7622806.844826179,6758037.8961647935,864768.9486613851,45119429.09435863,0.736848403807602,0.12315040463363115,0.1215710205488466,0.018430171009920355,422,0,0.0,0.5070152999979058,0.31113781754900366,3920208.252267142,1203037.611109394,814651.2098991179,0.05223632562657973,100000.0,0.46088133019907085,1.058,0.106,11.31,3175.0595139773664,355.8450112999221,2470.3457084156253,6001.250233692914,0.0
2009-10-01,8768723.46879166,7791682.920768999,977040.5480226614,51963292.48209718,0.7331888145758462,0.12239948923411875,0.11268646483714499,0.03172523135289009,422,0,0.0,0.6265411887552926,0.2614284267620751,2978154.28150891,1047034.6249333788,808458.3952568445,0.07131415597151244,100000.0,0.46088133019907085,1.043,0.101,11.16,2798.689622541642,346.031485015777,2470.3457084156253,5615.066815973045,0.0
2009-11-01,9599836.381442558,8324287.1720831515,1275549.2093594065,55210718.29417342,0.7177022933348017,0.1251392703784374,0.12278168214119783,0.03437675414556317,422,0,0.0,0.6135834682217403,0.2907130415918862,3572278.9077936816,1285630.3030029715,802274.0073011862,0.06259405976365681,100000.0,0.46088133019907085,1.054,0.108,10.89,3455.7916999027225,346.6087632994954,2470.3457084156253,6272.746171617843,0.0
2009-12-01,9688124.828091707,8810552.006605873,877572.8214858342,53975538.503231,0.7441476273461486,0.11238351082253153,0.11381555428626285,0.029653307545057007,422,0,0.0,0.5577059668998623,0.27637648389879166,3788413.8924246947,1161615.2174928638,958745.9909828302,0.0331867328905838,115000.0,0.46088133019907085,1.097,0.111,11.54,3160.567830520895,427.2039681221034,2470.3457084156253,6058.117507058623,0.0
2010-01-01,6588128.519558276,6420024.193095804,168104.32646247186,37836694.241376065,0.7444345447235807,0.12455144124472624,0.1080776180880721,0.022936395943620812,422,0,0.0,0.5405614666411038,0.29310466951096953,3237780.544780974,1076892.2162030647,1001786.1749230522,0.055221691064371296,115000.0,0.45864361912113955,1.135,0.112,11.22,2874.19538713533,434.09052202001806,2313.427602857561,5621.713512012909,0.0
2010-02-01,5964266.926261192,5931603.613968801,32663.312292391434,32383558.54695569,0.7309766127519305,0.1350794323487798,0.1187588854996703,0.015185069399619505,422,0,0.0,0.5069359281005834,0.3681010081563197,3100140.2228271556,1087960.4803915045,988574.5407880608,0.04229626866716233,115000.0,0.45864361912113955,1.128,0.107,9.9,2944.806669487389,434.2261329188835,2313.427602857561,5692.460405263833,0.0
2010-03-01,7200740.76256606,6624334.852624507,576405.9099415531,40803557.12043054,0.7347864518677288,0.12691084908123526,0.12184763450690865,0.01645506454412724,422,0,0.0,0.6064532451984999,0.3187820086945683,3267817.531873255,1047924.308929428,983035.5688979811,0.04260158884091567,115000.0,0.45864361912113955,1.152,0.107,9.95,2956.7788897119663,431.65551127612883,2313.427602857561,5701.862003845656,0.0
2010-04-01,7698712.377042508,6896050.935643303,802661.4413992045,43464712.034986444,0.7489395064473586,0.12468323706743954,0.10679260840488701,0.01958464808031478,422,0,0.0,0.6038697285917053,0.37047790517486556,3606693.726943623,1135385.2282268703,834417.642458147,0.02551123792384025,115000.0,0.45864361912113955,1.242,0.105,10.31,3033.827502277189,372.93716828981457,2313.427602857561,5720.1922734245645,0.0
2010-05-01,7854638.775486149,7197207.985468099,657430.79001805,45483195.80410068,0.7443424065183037,0.12732970225413617,0.11121343980880478,0.017114451418755224,422,0,0.0,0.5402906463759726,0.3000732834198382,3420654.8985539842,1192498.2916771143,898114.5821439133,0.037541513236355586,115000.0,0.45864361912113955,1.244,0.105,10.57,3186.4408495046746,396.45062784728185,2313.427602857561,5896.319080209518,19430.36175469085
2010-06-01,7003060.469937967,6722861.3477870235,280199.1221509436,42333649.70183229,0.7392579982393808,0.12492238576366223,0.11955880314225507,0.016260812854701902,422,0,0.0,0.5534556054074798,0.2991688573054455,3602962.614012197,1067079.1558545192,904776.1651242307,0.031394793807569855,115000.0,0.45864361912113955,1.226,0.105,12.09,2876.9093737868293,401.94192309300416,2313.427602857561,5592.278899737395,0.0
2010-07-01,6826269.146490244,6761420.283922037,64848.862568207085,37763916.42511277,0.7643778875839435,0.11929422364350636,0.09993306284152127,0.01639482593102897,444,0,0.0,0.46849915360816324,0.4698740990684816,3871824.6655462403,1273582.6813761264,913181.5211552338,0.0378816496134092,115000.0,0.45864361912113955,1.233,0.098,12.02,3553.0340696199996,402.95910050784966,2313.427602857561,6269.42077298541,0.0
2010-08-01,6655697.390344608,6608630.890054593,47066.50029001478,37912659.90810618,0.7550838085484157,0.12152709102846163,0.10832817843076323,0.015060921992359333,442,0,0.0,0.5113983663387031,0.33656273843732765,3646611.609219991,971815.9874508658,937190.1115464832,0.03243355814023427,115000.0,0.45864361912113955,1.25,0.103,12.83,2634.7915188577267,415.8951450866986,2313.427602857561,5364.114266801986,0.0
2010-09-01,8181909.396293367,7601664.958838015,580244.4374553524,45692200.63486148,0.7234348590431408,0.14659200520333662,0.10992479870898725,0.020048337044535416,444,0,0.0,0.5596099564540941,0.31111867482375655,3326191.038208485,1010628.0698345313,913252.8948542819,0.06400190024711344,115000.0,0.45864361912113955,1.258,0.104,12.92,2801.2689800128037,392.04992971225073,2313.427602857561,5506.746512582615,0.0
2010-10-01,9887118.262462338,8427018.90953006,1460099.352932278,48707098.41260567,0.7162354500448019,0.13173625724541851,0.12469082213492809,0.02733747057485158,444,0,0.0,0.6439787580737849,0.27608403101309575,2821702.251317473,914891.2703236897,1011371.4033308016,0.07231735063301827,115000.0,0.45864361912113955,1.272,0.103,12.95,2423.600030932041,430.3139838087204,2313.427602857561,5167.341617598322,0.0
2010-11-01,11990462.775495969,9652914.31137878,2337548.464117188,58009798.03040196,0.7174829327923836,0.15320272148686304,0.1005247579187282,0.028789587802025073,444,0,0.0,0.6470032877827494,0.27290873472954946,3159001.6548981788,1073715.930669189,963681.6404395715,0.05881349294949671,115000.0,0.45864361912113955,1.238,0.102,12.44,2900.802421445851,415.9916691583467,2313.427602857561,5630.221693461759,0.0
2010-12-01,10597462.611963592,8939072.62794388,1658389.9840197116,54363154.39309449,0.7167023456827597,0.12601324956478743,0.12653143096818148,0.03075297378427157,444,0,0.0,0.6283351180243918,0.26540790786552987,3176797.770231748,1035295.2521895721,1019372.6452050604,0.04818844197478462,115000.0,0.45864361912113955,1.23,0.105,12.5,2854.4591884491247,444.9992767442433,2313.427602857561,5612.886068050929,0.0
2011-01-01,6466201.952076756,6274099.84739312,192102.1046836367,36515439.98009937,0.7093171613029298,0.14874407548220853,0.12514607582913356,0.016792687385727978,422,0,0.0,0.5602709444064157,0.30564932684086726,2640439.208215476,938677.2650602213,980347.8250915414,0.04260816178350557,115000.0,0.43301957531887525,1.253,0.102,12.08,2559.627808874281,406.4222166963075,2670.178241871628,5636.228267442217,0.0
2011-02-01,6447398.682413134,6260304.849008174,187093.8334049601,36699793.70258309,0.7062136807316669,0.13507258380622372,0.1388615384067495,0.019852197055359913,422,0,0.0,0.5536324459522417,0.3291347767522766,3013003.3079357655,1010773.9850588319,1004039.1685200325,0.052196108466142574,115000.0,0.43301957531887525,1.275,0.096,12.3,2766.892904656367,412.0753846034576,2670.178241871628,5849.146531131453,0.0
2011-03-01,7797338.15145748,7262024.080724952,535314.0707325283,44857768.157889344,0.6939619248889729,0.14416977679507725,0.1444982678304484,0.01737003048550153,422,0,0.0,0.5432469175610511,0.29308125701221655,3574146.7666311795,1092434.6415046242,911506.2788492889,0.04035870394182618,115000.0,0.43301957531887525,1.281,0.1,12.22,3039.766163301227,378.77047882909994,2670.178241871628,6088.7148840019545,0.0
2011-04-01,8266838.365627382,7723623.410198908,543214.9554284737,51214094.83341819,0.6902336216945181,0.14679453766280692,0.14577238283850055,0.017199457804174485,422,0,0.0,0.5668983876669242,0.28657665882619804,3885582.7939445577,1100151.550205864,912569.0768534953,0.03620944554225841,115000.0,0.43301957531887525,1.302,0.104,11.68,2921.1616828199144,380.8517396824524,2670.178241871628,5972.191664373995,0.0
2011-05-01,9664343.662508423,8466428.098570745,1197915.563937677,54402367.53841798,0.7128627282450853,0.13293687622162223,0.1331778175254767,0.021022578007815613,446,0,0.0,0.5759255921118339,0.37642338422408134,4213329.799768417,1233607.0231895207,975761.3404519575,0.049933257501579564,115000.0,0.43301957531887525,1.33,0.105,12.43,3312.743672143646,401.4257734837971,2670.178241871628,6384.347687499071,0.0
2011-06-01,8530873.858264836,8252687.308387545,278186.5498772906,52081570.238778405,0.7318575371726257,0.1272513130056849,0.12247158127943618,0.018419568542253125,477,0,0.0,0.5565721876873574,0.37020426558369424,4097137.0046889787,1293726.7663902936,917945.3390725114,0.03620941059354719,115000.0,0.43301957531887525,1.387,0.102,12.71,3511.0698030813173,383.0954837980218,2670.178241871628,6564.343528750967,0.0
2011-07-01,8211754.992724199,8238283.342881729,-26528.350157530047,47278512.66417873,0.7219782964404136,0.1214431976110565,0.13422246794209716,0.02235603800643273,477,0,0.0,0.5328524119469302,0.35636436204328287,3830413.5160740875,1097901.9841671637,969322.9155687186,0.03948422084443632,115000.0,0.43301957531887525,1.395,0.104,12.18,2920.228671746249,403.1628563316272,2670.178241871628,5993.569769949504,0.0
2011-08-01,7235999.627924486,7199279.338521533,36720.28940295335,40715933.64663053,0.7392622127722245,0.12162267967892715,0.12225686472131982,0.016858242827528496,477,0,0.0,0.463781217604549,0.3743382925843566,3769173.322648748,1181166.3294897736,944507.3075265264,0.017390413431711813,115000.0,0.43301957531887525,1.419,0.1,11.92,3248.6427826606127,401.87764533722515,2670.178241871628,6320.698669869465,0.0
2011-09-01,9161826.827485688,8673188.59179328,488638.23569240794,51468054.07242788,0.7192027274102941,0.1441694500816678,0.11998877721459661,0.01663904529344139,477,0,0.0,0.507332244780958,0.27655687719718564,4317155.476050998,1257425.7743208348,930048.3771056321,0.03704309151037433,115000.0,0.43301957531887525,1.403,0.099,11.48,3388.483852278095,387.81082040143264,2670.178241871628,6446.472914551156,0.0
2011-10-01,10855317.279356513,9457986.698659915,1397330.5806965977,56233789.60395351,0.7100396826251375,0.13770786371568874,0.1248730692528275,0.027379384406346276,477,0,0.0,0.5819636473188939,0.2831818219073545,3549178.3388125086,1163564.5565066603,947959.5334002924,0.06311350912483712,115000.0,0.43301957531887525,1.434,0.099,10.6,3111.3761835176892,384.5778835973748,2670.178241871628,6166.132308986692,0.0
2011-11-01,12743153.526099712,11303031.496980574,1440122.0291191377,61958833.65204462,0.7282846755248247,0.12547209201912546,0.11962125865962589,0.026621973796424107,477,0,0.0,0.6114820886164057,0.345224114533602,4252783.038152158,1311895.0361600907,940838.4060108169,0.06349446175862943,115000.0,0.43301957531887525,1.454,0.105,10.32,3423.096676862605,381.5337114166196,2670.178241871628,6474.808630150852,0.0
2011-12-01,11904192.119068995,10123022.511559913,1781169.6075090822,58003957.69223968,0.7145400970456995,0.13298473884264544,0.1277128823742713,0.024762281737383696,477,0,0.0,0.6126991746643005,0.31845842117814976,3519120.8541631047,1117442.4474750832,1097257.067404342,0.07323598563395729,135000.0,0.43301957531887525,1.49,0.105,9.65,3065.728534480694,440.3368979725264,2670.178241871628,6176.243674324849,0.0
2012-01-01,7502220.059430468,7248272.23805995,253947.82137051784,41150044.674173854,0.7256597955423281,0.11811874264790316,0.1408970210898697,0.015324440719899085,454,0,0.0,0.572321960124678,0.26872035373027336,2841401.7910888316,983132.3077143502,1114904.8624929704,0.04579614527460502,135000.0,0.4217225499986819,1.515,0.105,8.89,2744.045284788525,448.64806614322805,3421.9535949247197,6614.6469458564725,0.0
2012-02-01,7333606.711759807,7468492.635101233,-134885.92334142607,40338207.142647006,0.7325312398933623,0.1411700319062685,0.10854300073910898,0.017755727461260352,454,0,0.0,0.5926516699265665,0.2878252445596327,2646222.4246130474,829408.0611181124,1024926.5466938042,0.04476041636488046,135000.0,0.4217225499986819,1.531,0.115,7.93,2396.478186801532,412.88763452108384,3421.9535949247197,6231.3194162473355,0.0
2012-03-01,8180503.443000393,8037306.9966310905,143196.44636930246,44999097.86807189,0.7206907805095123,0.12889401476442355,0.13392959093774642,0.01648561378831772,450,0,0.0,0.5201572925430346,0.3565424199512415,3426695.265375663,1065901.7660625095,1190034.8998921132,0.02753688017236477,135000.0,0.4217225499986819,1.518,0.116,7.62,2948.526149099094,488.04476852305254,3421.9535949247197,6858.524512546866,0.0
2012-04-01,8518848.755343163,8432999.976441398,85848.77890176512,47397368.834917344,0.7258940035656802,0.13208216603290623,0.12589023110899208,0.016133599292421443,454,0,0.0,0.5760053277494639,0.3242666123201038,3802306.8792946716,1096853.5757302772,1080894.4000711953,0.03266141964225984,135000.0,0.4217225499986819,1.522,0.118,7.66,3041.228104216102,440.94924140723947,3421.9535949247197,6904.130940548061,0.0
2012-05-01,8975175.520631874,8752990.282330431,222185.23830144294,53872030.67746231,0.7409459733976966,0.13566440519008505,0.1039128892464085,0.019476732165809724,454,0,0.0,0.5723407512589503,0.3477982239925776,3607062.563702667,1074451.294867367,1005695.7566195247,0.04877467104959109,135000.0,0.4217225499986819,1.561,0.116,7.12,2831.372628988236,403.4380421794519,3421.9535949247197,6656.7642660924075,66478.39091377372
2012-06-01,10058752.138221003,9404332.562262971,654419.5759580322,56465971.33244069,0.7364338468462586,0.14724410952688088,0.09934350605069217,0.016978537576168296,454,0,0.0,0.5550088099629654,0.3074830407628344,4209633.232773557,1252419.229520072,1009727.9715826631,0.04652188829963525,135000.0,0.4217225499986819,1.523,0.113,7.84,3350.750085666241,406.0148693378328,3421.9535949247197,7178.718549928793,49090.69018809694
2012-07-01,9275625.28800828,7885005.662211767,1390619.6257965127,52326243.56544823,0.7277717508711343,0.13267798085075697,0.11752851951095851,0.022021748767150254,454,0,0.0,0.568984413912303,0.33406800201580417,4068502.155539885,1208941.373204394,1051401.1328431359,0.02427457301121191,135000.0,0.4217225499986819,1.489,0.105,7.82,3326.3116329737204,432.6362316563413,3421.9535949247197,7180.9014595547815,0.0
2012-08-01,9737446.345441993,9741978.448852602,-4532.1034106090665,52750932.54268165,0.7326700313050817,0.10821185652647689,0.13491968676794874,0.024198425400492732,503,0,0.0,0.5672135663412612,0.3275466802452545,4235884.922834216,1289133.7405575558,1068112.9904260614,0.014157514133188907,135000.0,0.4217225499986819,1.489,0.111,8.02,3395.1373291196105,444.0701195117039,3421.9535949247197,7261.161043556034,0.0
2012-09-01,11151800.91079727,10308543.41907629,843257.49172098,66136666.3321308,0.715612605093226,0.14257392997099438,0.12194671180237177,0.01986675313340779,528,0,0.0,0.6398522505180357,0.33051743943457657,4830388.1668029865,1455215.8286434212,1062147.6078502794,0.009281521002695171,135000.0,0.4217225499986819,1.497,0.114,7.93,3976.6154611635275,443.7741111261899,3421.9535949247197,7842.343167214438,0.0
2012-10-01,12068452.786788547,11141110.404288946,927342.3824996017,66531082.164623246,0.7047396923409777,0.14344490834694384,0.124520625502209,0.027294773809869475,528,0,0.0,0.6238050298494192,0.2819026929924426,3823321.0469492124,1282970.6551416423,1117954.9375115342,0.033541539575056685,135000.0,0.4217225499986819,1.453,0.114,8.25,3465.289914562823,455.65308446462603,3421.9535949247197,7342.896593952169,0.0
2012-11-01,13866356.926171495,11172747.446621649,2693609.4795498457,67625378.50273326,0.7128049520187365,0.14310373918090233,0.1212938577800371,0.02279745102032402,528,0,0.0,0.615248193750322,0.22633609789434442,4327336.034081301,1337977.6554563267,1072558.6039788034,0.05913897169150869,135000.0,0.4217225499986819,1.447,0.114,7.37,3671.578028366476,425.57228269866044,3421.9535949247197,7519.103905989856,0.0
2012-12-01,14117090.97776372,11595331.038671834,2521759.9390918855,68763212.22115442,0.7238433651776744,0.14110127666659744,0.10644266345095184,0.0286126947047762,528,0,0.0,0.6304115264517953,0.2565763242136887,4315344.1154360175,1283163.7967558904,1265738.1563340998,0.0659976393844795,160000.0,0.4217225499986819,1.441,0.118,6.05,3537.5570667905663,498.56142168085796,3421.9535949247197,7458.072083396144,0.0
2013-01-01,8143579.446146635,8502125.716493472,-358546.2703468371,44836084.37712948,0.7178255251439272,0.14650392560208747,0.11786719922195645,0.017803350032028892,528,0,0.0,0.5502657824895529,0.3278297214473949,3436518.9297088212,1058546.3626812214,1229825.5547294258,0.030922908679584082,160000.0,0.40439734888400397,1.355,0.111,5.68,2903.276873022215,481.9590503688483,3116.6787451246805,6501.914668515744,0.0
2013-02-01,7852247.729360485,7789458.75313845,62788.976222035475,43669366.98929763,0.7277910663722176,0.12967222502732964,0.1249054503898342,0.017631258210618683,528,0,0.0,0.5764211306376621,0.3040268060080399,3581084.6170954425,1025577.049480283,1258467.1407104505,0.05250216708349486,160000.0,0.40439734888400397,1.36,0.11,5.63,2959.0505786476347,482.2013317806772,3116.6787451246805,6557.930655552993,0.0
2013-03-01,9001581.786125036,9340058.835150765,-338477.0490257293,53324905.229051106,0.7066752475049063,0.15946879143184506,0.11602124827708021,0.017834712786168484,530,0,0.0,0.5715090865879995,0.30705452592553006,4367357.918192137,1257538.6393403332,1215549.6790791801,0.056283482609460256,160000.0,0.40439734888400397,1.365,0.107,5.42,3491.269546674124,463.8980737195639,3116.6787451246805,7071.846365518368,0.0
2013-04-01,9728855.245902102,9542906.65629516,185948.5896069426,58386306.24038428,0.7271856546855046,0.14047625226782387,0.11607897106054223,0.01625912198612921,528,0,0.0,0.5446154353525736,0.3482760125831823,4450997.508438459,1340222.374445371,1141157.213991764,0.031141921396166006,160000.0,0.40439734888400397,1.369,0.117,5.24,3627.7939996121236,447.1095484651719,3116.6787451246805,7191.582293201976,0.0
2013-05-01,11560664.06601423,10343522.700662132,1217141.365352098,64023730.15601448,0.702901882418791,0.14971103511866582,0.12962524286318017,0.017761839599362898,528,0,0.0,0.6107767050553976,0.32524795008095136,4102085.8385887765,1344617.6423621103,1270018.0864548064,0.03129037302345594,160000.0,0.40439734888400397,1.43,0.121,5.32,3565.252245929023,497.5214635874204,3116.6787451246805,7179.452454641124,0.0
2013-06-01,10876656.311885431,9976852.504574263,899803.8073111679,61055245.9096422,0.7183037173109025,0.13979625559878364,0.11875961692113997,0.02314041016917402,528,0,0.0,0.6031891737819907,0.24634986553887178,3983404.5103153763,1248783.5345762332,1229268.3171762922,0.04888435841254332,160000.0,0.40439734888400397,1.379,0.111,5.09,3337.512603488498,472.8118058740165,3116.6787451246805,6927.0031544871945,0.0
2013-07-01,9608089.071036333,9169150.964879591,438938.1061567422,54166735.739917025,0.7237687354222117,0.14484735687054162,0.11351011799430161,0.017873789712945128,528,0,0.0,0.5591363847582551,0.32107331955173946,4694731.248863245,1309253.1969551991,1323253.7947787894,0.04973857685461761,160000.0,0.40439734888400397,1.352,0.107,5.16,3524.7819066481616,508.5042030226924,3116.6787451246805,7149.964854795535,29770.74062938938
2013-08-01,8591874.181703562,8139707.390461385,452166.79124217667,48901351.46049163,0.7343046465495292,0.12244369482324045,0.12350960963984062,0.019742048987389686,528,0,0.0,0.5596026636672354,0.29040030487184865,4083701.761804532,1310106.470113929,1191688.6097247535,0.031364157372902324,160000.0,0.40439734888400397,1.267,0.109,4.95,3515.933808424678,466.80083415890726,3116.6787451246805,7099.413387708266,0.0
2013-09-01,10336122.650878917,9335763.18929913,1000359.4615797866,58345952.10339681,0.7037466612532988,0.13901745516125782,0.14324319220349505,0.013992691381948422,528,0,0.0,0.5867199873147647,0.2546057746750516,4424602.849585923,1259797.0233553955,1248070.240559945,0.04237874352623486,160000.0,0.40439734888400397,1.274,0.109,4.76,3445.179957910056,483.32705402043155,3116.6787451246805,7045.185757055168,0.0
2013-10-01,11662796.570318526,10714803.798183875,947992.7721346505,67212260.38400103,0.7008764339781921,0.1425469133265587,0.13302079212664714,0.02355586056860208,528,0,0.0,0.6567890156706772,0.2765138976599219,4272908.368780495,1093104.0865321895,1186986.8067260447,0.014204028887213215,160000.0,0.40439734888400397,1.281,0.106,5.33,2929.2756361338,473.1961805639907,3116.6787451246805,6519.150561822471,21921.981168023947
2013-11-01,15348946.840148114,11951535.496579658,3397411.3435684554,76364911.64177556,0.6927188346880492,0.15840063210563848,0.12283449728290784,0.02604603592340446,528,0,0.0,0.6091043266024528,0.28124710607828945,4536948.552388016,1405849.8995282399,1223785.2941269476,0.02467229649288593,160000.0,0.40439734888400397,1.282,0.116,5.43,3702.956899030447,482.6853193348247,3116.6787451246805,7302.320963489952,0.0
2013-12-01,15229034.176471613,12594175.409919696,2634858.7665519174,84169852.0994743,0.6842144622266474,0.1545718049345987,0.13474178570167342,0.026471947137080547,528,0,0.0,0.6788116187501301,0.21957122460223105,4455438.305915494,1137788.4902373974,1251285.576235162,0.04577697760621577,160000.0,0.40439734888400397,1.339,0.118,5.33,3173.2215968525875,482.85266054555814,3116.6787451246805,6772.753002522826,0.0
2014-01-01,8758344.568823937,8141783.314343318,616561.254480619,50911240.55976766,0.692292361328656,0.13904070163601878,0.1479246627499398,0.020742274285385557,528,0,0.0,0.6282715550145785,0.2183931255810987,2964880.199874782,909725.7112225029,1357564.6186456634,0.042739487777349545,160000.0,0.3916324636738937,1.376,0.12,5.26,2467.081991968147,508.943227609624,2963.499143722988,5939.524363300759,0.0
2014-02-01,9207762.884219265,8552031.827163832,655731.0570554323,50059001.90864686,0.7131324427276491,0.14477707079376845,0.12222339989307197,0.019867086585510434,528,0,0.0,0.6435196793663969,0.20023045856974392,2984921.829244422,909398.3782502399,1287284.2081925932,0.037336650441314206,160000.0,0.3916324636738937,1.377,0.117,5.21,2514.6780633170492,485.3193016015188,2963.499143722988,5963.496508641556,0.0
2014-03-01,10972715.825166764,9666278.28890923,1306437.5362575334,60277692.55171306,0.7170494821757053,0.1336732427857111,0.13185802070338654,0.017419254335197133,528,0,0.0,0.6028057380450645,0.31616266945365595,4789666.151149362,1349971.5613815761,1197080.068349673,0.05201937421110021,160000.0,0.3916324636738937,1.359,0.121,5.17,3643.8594313756194,444.4279318019513,2963.499143722988,7051.786506900558,0.0
2014-04-01,11094896.548467556,9591614.919259094,1503281.6292084623,62435938.08408524,0.7241768821240477,0.11970555772981442,0.13931956327829298,0.01679799686784498,528,0,0.0,0.6521918168748929,0.23433590956674058,4719715.504861522,1407684.4306801986,1111632.5310477328,0.053345859664833954,160000.0,0.3916324636738937,1.396,0.119,4.99,3826.2112230539187,412.127192847318,2963.499143722988,7201.837559624224,170021.4120279799
2014-05-01,11470012.979552453,10630297.076690702,839715.9028617516,63141115.7706428,0.7255151166222074,0.12954406882120437,0.12732931959289712,0.01761149496369116,528,0,0.0,0.6223651401901977,0.22289467386972162,4183452.9795287075,1193265.564777812,1107339.3820898142,0.06701327672179672,160000.0,0.3916324636738937,1.385,0.118,4.81,3359.518796526333,404.60839924217686,2963.499143722988,6727.626339491498,0.0
2014-06-01,10734924.323953679,9997020.014696054,737904.3092576247,60145801.839194536,0.712522294546451,0.14231258562993954,0.12785183802900993,0.01731328179459948,528,0,0.0,0.6365808511740046,0.23136728699789763,4142656.357683557,1279677.3585059382,1138683.9938290734,0.06389310647108838,160000.0,0.3916324636738937,1.347,0.121,5.0,3311.058835687098,417.4527670077476,2963.499143722988,6692.010746417834,0.0
2014-07-01,10675653.406770734,9078385.588947712,1597267.8178230226,57142004.265345834,0.7011587111653365,0.15300789453423466,0.12609835375372086,0.01973504054670795,528,0,0.0,0.5908014062923618,0.3242742541757431,4327521.815112164,1303608.9622642864,1234217.2611561026,0.06363173012162869,160000.0,0.3916324636738937,1.279,0.114,5.09,3651.781194695516,452.60254246837485,2963.499143722988,7067.882880886878,0.0
2014-08-01,9305718.198563421,9073413.703540046,232304.49502337538,51704803.549427405,0.7126113293509968,0.13149988815385644,0.13740467641989512,0.018484106075251746,528,0,0.0,0.5483857895955658,0.28426076083364543,3982356.895252691,1205432.942895313,1160586.466466937,0.06320754262229208,160000.0,0.3916324636738937,1.264,0.122,5.67,3227.7881405586963,425.7940339620877,2963.499143722988,6617.081318243772,0.0
2014-09-01,12403539.743455786,10859604.780436985,1543934.963018801,70374115.31742623,0.6995849103561138,0.14562046420903876,0.13867630425787758,0.016118321176969777,525,0,0.0,0.6156563776376536,0.2884603637151901,4795558.393811394,1373918.829581198,1086221.1092861202,0.052017215224215416,160000.0,0.3916324636738937,1.29,0.122,5.97,3735.4030178075122,403.2713544229509,2963.499143722988,7102.173515953451,0.0
2014-10-01,14911490.642572155,12835767.483138587,2075723.159433568,77226235.03403765,0.7031101198975099,0.1504696963024756,0.1198504276058689,0.026569756194145564,528,0,0.0,0.6676224333116026,0.32201982271846324,4322679.521284571,1288842.56591674,1171804.9560648326,0.047680619009829964,160000.0,0.3916324636738937,1.363,0.127,6.24,3390.261214543404,437.03542184003544,2963.499143722988,6790.795780106428,0.0
2014-11-01,17791132.17087743,14100789.489543857,3690342.6813335735,92411363.12470095,0.7041290847470572,0.15198281392420424,0.11380766339040511,0.030080437938333503,584,0,0.0,0.663009759786046,0.3202730982925044,5551278.638414211,1554198.4796662794,1235470.8846444748,0.03994249339195002,160000.0,0.3916324636738937,1.339,0.12,6.17,4325.8075033856185,464.52431069807693,2963.499143722988,7753.830957806684,0.0
2014-12-01,17154138.315782193,15281366.528973565,1872771.7868086286,89009824.414677,0.7057379432411462,0.15199390307458907,0.11657929335862971,0.025688860325635093,584,0,0.0,0.6646753654484596,0.22157540237168347,5424998.942325292,1637066.1756390806,1433044.547142901,0.02436383017933434,185000.0,0.3916324636738937,1.287,0.115,6.33,4494.686144962231,547.5531329196434,2963.499143722988,8005.738421604863,0.0
2015-01-01,10054643.566549493,9875320.204292985,179323.36225650832,55931898.00674895,0.7177379253107148,0.14599028022204252,0.11754920414130111,0.018722590325941663,584,0,0.0,0.6079966619657002,0.3341064799421977,4206506.879505658,1318822.4844824057,1280106.7959507362,0.09975487488426328,185000.0,0.374185885025,1.23,0.111,6.66,3650.6650725354975,431.2155193467039,2475.8182771587553,6557.698869040956,0.0
2015-02-01,10045728.68921475,9513540.390033696,532188.2991810534,54961102.38649154,0.707624649437333,0.15584059279978896,0.11860181020884479,0.017932947554033168,584,0,0.0,0.5940361387089781,0.2917922901586377,3998585.2238187306,1210857.6905124802,1321621.7561174096,0.10254324258685404,185000.0,0.374185885025,1.24,0.113,7.1,3236.1586711181644,443.8212704648853,2529.640190992287,6209.620132575337,0.0
2015-03-01,11053001.76196696,10641812.941048084,411188.8209188767,65597306.01318782,0.723408372632904,0.14593670388476593,0.1144318677213455,0.016223055760984435,584,0,0.0,0.5848278209720936,0.25313858461976246,4687409.362373186,1205545.3632218759,1344924.3664036824,0.1229332558815511,185000.0,0.374185885025,1.17,0.114,7.2,3334.4344014572516,441.3853425633431,2835.197513631422,6611.017257652017,0.0
2015-04-01,12162264.35687418,11181439.766545275,980824.5903289039,72153978.58597133,0.7157775779662909,0.14966212740367804,0.11610901803056907,0.018451276599461986,584,0,0.0,0.6019683170979808,0.2976757058706714,5431345.693514824,1667595.311206378,1353544.5612940658,0.139218351273002,185000.0,0.374185885025,1.185,0.112,7.77,4550.70727549086,435.9663391592194,3128.183968277682,8114.8575829277615,0.0
2015-05-01,12810529.539759079,11536551.979833473,1273977.5599256065,71898112.83540322,0.7277398545840358,0.13506590329557938,0.118135796395818,0.01905844572456688,620,0,0.0,0.6160528006280381,0.3509050588002566,5329153.518250172,1524462.582960717,1302945.9666301643,0.13611476528953184,185000.0,0.374185885025,1.203,0.109,7.86,4098.259928076052,421.1820539419253,3610.911393093678,8130.353375111656,73942.08086767823
2015-06-01,11828862.63637679,11245829.343804428,583033.2925723623,68196300.43123603,0.7056301661568921,0.1514174910630687,0.12652217136336893,0.01643017141667024,651,0,0.0,0.5742880469239074,0.3372190432197922,4904742.81354408,1522539.1423105106,1465485.1511509032,0.13622649615711535,185000.0,0.374185885025,1.202,0.105,8.29,4178.09272582469,473.6621712424786,3503.6841074452595,8155.439004512428,108723.214879707
2015-07-01,10301646.988850873,10232759.475373637,68887.51347723603,58860368.965679735,0.7202170732219134,0.13565409744374346,0.1293997520406734,0.014729077293669672,651,0,0.0,0.575642714694114,0.3178143297385956,4689957.7799907075,1278722.7890330423,1332907.9007971068,0.13985003978825866,185000.0,0.374185885025,1.18,0.107,7.94,3532.9254141207043,429.00437081803074,3533.6236830222215,7495.553467960956,0.0
2015-08-01,10103717.951488854,10175366.020942766,-71648.06945391186,57231661.662881814,0.7299313256177592,0.11757906974189081,0.13763415411634536,0.014855450524004795,651,0,0.0,0.5669105081867848,0.36443144869335875,4171538.964188428,1199209.5576843002,1338731.5470201524,0.1363206580663822,185000.0,0.374185885025,1.189,0.106,6.98,3202.1366887666354,432.64673503327157,3541.872935784107,7176.656359584014,0.0
2015-09-01,14232282.08517847,12363487.645772016,1868794.4394064546,77084564.88469061,0.7139926122957561,0.14539288933305244,0.12365777244714451,0.016956725924046883,651,0,0.0,0.6534077894516752,0.22400074452291754,5008657.233080701,1501235.5331429555,1470620.71977102,0.12922559626756913,185000.0,0.374185885025,1.182,0.105,6.95,4165.325568852095,479.17454169750596,4480.124038142747,9124.624148692348,0.0
2015-10-01,16429352.807700532,13790584.950233612,2638767.8574669193,85663471.01511456,0.6949727164690512,0.14198399611903653,0.13657258788198143,0.02647069952993086,651,0,0.0,0.6845767224790652,0.2650313685887526,4684672.657553985,1497911.3549196757,1387201.1654839113,0.1219954514809444,185000.0,0.374185885025,1.144,0.113,7.06,3986.772010470818,455.74678312973367,4730.171357855566,9172.690151456118,0.0
2015-11-01,17932595.90005315,14922369.580768138,3010226.319285013,90816450.66689065,0.6960894266601129,0.15760243636777585,0.12007944406876946,0.02622869290334181,651,0,0.0,0.7183214620192983,0.22883591227059794,4447061.472492062,1418648.472175637,1398330.7485055646,0.14202941192271668,185000.0,0.374185885025,1.196,0.113,7.06,3861.914579646854,448.9207800477658,5359.189615042332,9670.024974736953,0.0
2015-12-01,17708262.568618555,14926709.00547582,2781553.5631427355,87000979.93287362,0.7054010686533385,0.13880754889431374,0.12311727534572814,0.032674107106619665,651,0,0.0,0.6736689914277443,0.23991275422948324,4544163.939788015,1369598.690005096,1412533.2997173918,0.13176959556280587,185000.0,0.374185885025,1.165,0.118,6.97,3783.2650530499727,458.9032001321582,5007.364594895902,9249.532848078034,0.0
2016-01-01,10715896.406340802,9703689.612537459,1012206.7938033435,57261122.794735685,0.6784227469588063,0.16009031882723604,0.14261827403032823,0.01886866018362943,619,0,0.0,0.6447378377909847,0.25278280214919846,3326000.60383782,1034606.7959025295,1362411.446326568,0.1161940694649847,185000.0,0.35438767715698033,1.175,0.115,6.58,2895.0077786387874,426.7207947976437,3327.6487219360542,6649.377295372486,0.0
2016-02-01,10039721.638614615,8865059.047545156,1174662.59106946,54681888.90502294,0.6909355054316153,0.1520204376118375,0.13954216379110726,0.017501893165439902,619,0,0.0,0.6824129863456548,0.23255240859223394,3139927.7359306538,877024.035938965,1426352.461609792,0.12121394316461456,185000.0,0.35438767715698033,1.083,0.115,6.08,2343.1140228421636,444.21030129792825,2832.1921475955182,5619.51647173561,0.0
2016-03-01,10879455.544128131,11127712.632549087,-248257.08842095546,64871116.165019356,0.6839162901519027,0.16036021403830408,0.13934904400973808,0.016374451800055225,619,0,0.0,0.6246019454408902,0.23735064817113358,4267495.90178007,1123088.4776818063,1400432.4025512505,0.14703919937451093,185000.0,0.35438767715698033,1.12,0.114,6.08,3079.413326464621,423.3210216984178,3539.0952499705595,7041.829598133598,400000.0
2016-04-01,13953461.17081665,11797688.859123886,2155772.311692765,76013053.02328475,0.6774154375275834,0.1794565350283874,0.12156615677781994,0.021561870666209383,619,0,0.0,0.6407151549419426,0.21057979110028943,4305555.191743269,1117934.114561577,1543699.222113774,0.13206576048786217,185000.0,0.35438767715698033,1.154,0.107,6.0,2964.4953364137195,474.81903253145725,3997.797325384746,7437.111694329922,0.0
2016-05-01,14166944.08492762,12107558.502571939,2059385.5823556818,81381597.14071293,0.6646786031454768,0.17929039771580843,0.14045652952364288,0.015574469615071827,619,0,0.0,0.6421160018691767,0.2405072913631505,4748661.343563714,1464460.2988570163,1395479.9305792816,0.1358237203542394,185000.0,0.35438767715698033,1.135,0.113,5.59,4035.2525076537554,427.3705074183402,4395.876984782662,8858.499999854757,0.0
2016-06-01,14353763.114049708,12114621.32875114,2239141.785298569,80798623.37651034,0.6847634902057894,0.16853059360344844,0.12619089070549527,0.020515025485266878,619,0,0.0,0.6503848538760014,0.24415794638039318,4251548.518840508,1398899.9946950395,1333203.398583509,0.13150342235836487,185000.0,0.35438767715698033,1.135,0.112,5.72,3855.9277261800025,410.33932112557983,4516.6446638612015,8782.911711166784,0.0
2016-07-01,12024594.394404931,11033473.776997013,991120.617407918,67843469.30369599,0.6906169223457551,0.15756660274569229,0.13457153275991515,0.017244942148637366,589,0,0.0,0.581769877056814,0.2906000520172873,4635021.650119203,1274538.0274031893,1431554.9125851023,0.109137712568074,185000.0,0.35438767715698033,1.143,0.115,5.33,3482.1248568865194,451.95708430612115,4052.3961199615355,7986.4780611541755,0.0
2016-08-01,10291616.133383742,9681468.105751317,610148.0276324246,57462707.96505535,0.7045497812990885,0.15782253038789462,0.12153935343336034,0.01608833487965632,589,0,0.0,0.6201720841470771,0.34900753096883075,3970286.305708383,1131826.014285097,1298136.4261400674,0.13229482746653365,185000.0,0.35438767715698033,1.122,0.112,5.21,3030.8266730843934,399.1821702620781,3042.001843301549,6472.01068664802,0.0
2016-09-01,13626064.102723608,11825707.627705807,1800356.475017801,76939236.99176688,0.6681938853063972,0.19077400808394276,0.12299830971502133,0.01803379689463883,589,0,0.0,0.6035618014283819,0.31548028425948044,5108470.453659244,1308753.6235654536,1298101.7873616705,0.09782190800886212,185000.0,0.35438767715698033,1.143,0.111,5.75,3476.932229880158,415.0301398631879,3407.1752755906573,7299.1376453340035,0.0
2016-10-01,18596462.261783853,15033321.84604688,3563140.4157369733,95409622.14873047,0.710404687278292,0.1446894026570932,0.11233233834339335,0.032573571721221446,589,0,0.0,0.683725656651197,0.2551548320274507,4589775.232608955,1321886.6711970281,1346785.517948827,0.09836749425701738,185000.0,0.35438767715698033,1.121,0.108,6.01,3513.779292865209,430.33494138447935,4333.907027675749,8278.021261925438,0.0
2016-11-01,21417384.124371678,18048760.98430903,3368623.140062649,110494244.67640409,0.6922164006117433,0.14932818561129554,0.12748039881841072,0.030975014958550588,589,0,0.0,0.7152056923158947,0.23827026674303958,4916908.424464658,1611866.3816189195,1493176.1965001994,0.12825299590308534,185000.0,0.35438767715698033,1.111,0.114,5.85,4525.274720840563,461.2964725164731,6037.292188352699,11023.863381709734,0.0
2016-12-01,21775066.90097791,16526558.619833825,5248508.281144084,100288788.13666803,0.6615395837982998,0.1741242059941407,0.1331206293523451,0.03121558085521454,589,0,0.0,0.67516016924342,0.28021628806852805,4889164.420697532,1469444.7416306103,1447626.9357035742,0.13491571882894862,185000.0,0.35438767715698033,1.159,0.115,5.93,3984.564872802485,443.8065302938495,5839.941924189597,10268.31332728593,0.0
2017-01-01,11359415.923347993,10789175.180672627,570240.7426753659,61953918.20328897,0.7025233643481384,0.14611334853642882,0.13488168010868662,0.01648160700674605,589,0,0.0,0.6415863335222215,0.2528394248168201,3759789.1704808665,1088503.031785806,1399611.4076406898,0.12060043098723859,185000.0,0.3399783898417546,1.195,0.117,5.96,2900.269989807151,418.45140918136167,3403.4303054657908,6722.151704454303,0.0
2017-02-01,11887803.117489764,10936871.40150311,950931.7159866542,61698480.90545159,0.6883309796298603,0.13787171692394598,0.1541057219814047,0.01969158146478888,589,0,0.0,0.6408876062810375,0.33014010144640926,3686234.486878351,967818.7338181494,1389228.6796715048,0.130158019631057,185000.0,0.3399783898417546,1.173,0.122,5.14,2768.781956618764,410.83309089075067,3283.2959717557496,6462.911019265264,0.0
2017-03-01,12662002.652688952,11223146.751506696,1438855.9011822566,69663940.87887894,0.7009373465772331,0.15985601782509898,0.12446020150453621,0.014746434093131786,589,0,0.0,0.6720018023378286,0.2309243313714152,3761751.52950491,1262394.4690168425,1279086.9273395648,0.11376827629451952,185000.0,0.3399783898417546,1.156,0.125,5.01,3534.07121773534,385.3884236398348,3501.926931795366,7421.386573170541,0.0
2017-04-01,12736498.401354445,12084948.897367336,651549.5039871093,70893700.04078029,0.6968646571740751,0.14456587474068813,0.1431902870493864,0.015379181035850432,593,0,0.0,0.6308409268464793,0.2675718999122708,4182001.8214860596,1228012.177860783,1389747.6793305026,0.11908565914328435,185000.0,0.3399783898417546,1.148,0.127,5.12,3417.481188224375,416.2180884968635,3593.929180902595,7427.628457623833,0.0
2017-05-01,14324535.352484923,11963288.334233405,2361247.018251518,78287183.04814395,0.692474637640591,0.16845868101816844,0.12428200687335753,0.014784674467882938,592,0,0.0,0.6725559466283103,0.23165110081014312,4225904.11300432,1176811.895086762,1444800.8855395617,0.12093348133404482,185000.0,0.3399783898417546,1.186,0.118,5.14,3261.384377547927,431.79842222452334,4322.692516661432,8015.875316433882,71056.23054038543
2017-06-01,13504792.946725415,11371602.07407664,2133190.8726487756,73611071.0154841,0.6792529915314702,0.1657219279466171,0.13842288795756655,0.016602192564346224,589,0,0.0,0.631106088899335,0.32075544993974087,4401682.85796712,1173364.1713459073,1447391.4957703135,0.11833510375981586,185000.0,0.3399783898417546,1.164,0.114,5.34,3249.480450910407,433.8512757672905,4417.354999612997,8100.686726290694,489.62201680883857
2017-07-01,11246645.626139713,10849752.236114332,396893.390025381,64851976.2168978,0.6974252459803947,0.12959961496367883,0.15865643576756552,0.014318703288360914,560,1,0.0017857142857142857,0.6176224798788738,0.2907679379538763,4298541.749178776,1162125.336875259,1467057.5109196075,0.11178810699083938,185000.0,0.3399783898417546,1.191,0.11,6.15,3150.697119945486,443.01153654720497,4291.3914402529235,7885.100096745615,163806.07224556804
2017-08-01,12604924.053158509,10647221.547346186,1957702.5058123227,62683014.85923866,0.697468278161681,0.1350431946750558,0.1513123915792754,0.016176135583987856,560,1,0.0017857142857142857,0.6219148553673902,0.3297956751406531,4779797.978812544,1319852.7037348547,1378954.095973843,0.10988479279423806,185000.0,0.3399783898417546,1.229,0.115,6.85,3408.5610983329357,417.2989987805475,3958.7159594445448,7784.576056558028,0.0
2017-09-01,14954832.095069217,12390766.27090829,2564065.824160926,80284357.85890006,0.6773114446947875,0.16443638757571047,0.1434639358423333,0.014788231887168784,560,1,0.0017857142857142857,0.6344474988019689,0.2604302173211471,4604031.206984269,1370166.940942359,1336835.8255744088,0.09870895520853992,185000.0,0.3399783898417546,1.233,0.116,7.25,3684.0215869000353,409.63253609418877,5169.140344729337,9262.794467723561,0.0
2017-10-01,19709503.24395835,14980704.827206329,4728798.416752022,88402611.88862772,0.6700582948103974,0.1511216048469786,0.1500645500475169,0.028755550295107093,560,1,0.0017857142857142857,0.7043956181327468,0.23450290185908879,4121311.866058281,1124567.8322622878,1253700.7840822206,0.10025709358493978,185000.0,0.3399783898417546,1.276,0.111,8.23,3072.70415807744,383.4984752235417,6592.61184921849,10048.814482519472,46304.90265406838
2017-11-01,20985301.794393227,16523644.593598688,4461657.2007945385,97731804.2242455,0.6800367917862827,0.14708407648978286,0.14313811395638193,0.029741017767552447,560,1,0.0017857142857142857,0.7173852663632525,0.2406751566564544,4928188.486491478,1468980.5312226808,1364906.7378080324,0.12790578631224486,185000.0,0.3399783898417546,1.267,0.111,8.91,3977.2637561602255,404.6855480497461,6439.577032598512,10821.526336808483,0.0
2017-12-01,21372636.351271667,16054952.597535692,5317683.753735974,95850536.7069447,0.6592740489137339,0.15455993288663614,0.15610148498259965,0.030064533217030242,560,1,0.0017857142857142857,0.707199626376545,0.25696810713827317,4823030.835835982,1433757.7987328235,1326966.4688869456,0.13189559890824673,185000.0,0.3399783898417546,1.266,0.107,9.68,3928.0416780298433,391.63655306918974,6342.735475141669,10662.413706240703,0.0
2018-01-01,11885561.006318033,11620180.1035556,265380.9027624335,60977527.363473095,0.6764201558453883,0.1497900723314172,0.15723466136421865,0.016555110458975886,560,1,0.0017857142857142857,0.5701576756585277,0.19134793674361902,3947915.465207633,1249881.381576383,1351894.029239024,0.10953981947931463,185000.0,0.33339084411221553,1.24,0.109,10.37,3385.864989247149,401.3384990312844,3244.2138300128922,7031.4173182913255,0.0
2018-02-01,11400161.417508893,10604836.9471807,795324.4703281932,62364663.791868195,0.684653874322097,0.1584897900526273,0.13951046730079697,0.017345868324478812,560,1,0.0017857142857142857,0.679114379703282,0.24004652411376384,3658661.8145501097,1077983.3766129555,1365113.4822146934,0.09299042641667199,185000.0,0.33339084411221553,1.29,0.105,12.64,2933.718290061544,412.79487397725,3167.315337211198,6513.828501249992,0.0
2018-03-01,13426450.890708776,11705134.151009472,1721316.739699304,70397058.15468721,0.69408893630806,0.1550184736412414,0.1345133616829902,0.01637922836770838,560,1,0.0017857142857142857,0.6229033385465181,0.27569768684537077,4557385.408573986,1605101.62453621,1378093.891577982,0.10134467619538426,185000.0,0.33339084411221553,1.271,0.11,11.89,4486.323831845994,412.88169394484237,3305.2354085435445,8204.440934334381,0.0
2018-04-01,13389907.022865823,11653434.30738003,1736472.7154857926,73892928.39708221,0.6900117208733632,0.15601663962996057,0.1355694425414029,0.018402196955273203,560,1,0.0017857142857142857,0.6055949396164938,0.28764633642962156,4943051.447562783,1359360.7642926124,1337194.214253885,0.1356087243897107,185000.0,0.33339084411221553,1.296,0.113,12.51,3806.5104701029845,385.3528118846305,3610.111202408283,7801.974484395898,0.0
2018-05-01,14544830.288239656,12293412.062120112,2251418.2261195444,76108543.05329935,0.6849299158067572,0.15306354138980813,0.14773818722563534,0.014268355577799435,560,2,0.0035714285714285713,0.6040221120832271,0.32933149816883683,4822006.708604556,1318965.2157451743,1248584.5185596154,0.12675458816425628,185000.0,0.33339084411221553,1.303,0.123,13.41,3563.4949621474375,363.50293923325216,4013.7993123673923,7940.797213748082,156951.8122415687
2018-06-01,14839985.472659532,12693173.502427598,2146811.9702319335,76633059.50052692,0.6716637601299259,0.16567192694578314,0.14571773467124832,0.016946578253042736,614,2,0.003257328990228013,0.535694991937335,0.29785857498153906,5816182.666771978,1376757.4543514191,1323082.5380634067,0.14334647473963172,185000.0,0.33339084411221553,1.277,0.127,13.72,3742.4517367767317,377.8729575387795,4507.34431174574,8627.669006061251,0.0
2018-07-01,13855471.543948282,12785686.148229482,1069785.3957188,72314578.35205671,0.7092518429427802,0.1469171154775296,0.12702170646043048,0.016809335119259805,614,2,0.003257328990228013,0.592825720682959,0.3680192873946613,5676840.969456226,1491717.1348898,1297144.1979540822,0.1355330125121844,185000.0,0.33339084411221553,1.267,0.124,15.36,3937.2078228075193,373.843934755381,3876.2335606007623,8187.285318163662,186999.02584520893
2018-08-01,12628747.144871805,11533898.423433851,1094848.7214379534,65786539.10415753,0.6828889991089446,0.1583803552280758,0.14418413196313698,0.014546513699842535,614,2,0.003257328990228013,0.5515848669897649,0.2885099135150674,4800055.417041871,1229272.2778672185,1289849.5244865774,0.12785705412648724,185000.0,0.33339084411221553,1.324,0.127,16.9,3378.3647474284444,375.0424171222109,4118.069956622876,7871.4771211735315,6892.021533644455
2018-09-01,15528989.910274768,13639763.263145054,1889226.6471297145,83853356.94458969,0.6729321515750729,0.14894057663371282,0.16139479249232902,0.016732479298885373,614,2,0.003257328990228013,0.6521062895047361,0.2589072518213497,4827603.095508453,1352084.7168489704,1313412.3163356949,0.11194450263658684,185000.0,0.33339084411221553,1.328,0.12,17.61,3761.815890339142,388.8614222053146,4159.00879731118,8309.686109855636,0.0
2018-10-01,18154931.90067175,14244127.799051736,3910804.1016200148,89503757.31206618,0.6609200409176557,0.1671658025849913,0.14521866678317863,0.02669548971417429,614,1,0.0016286644951140066,0.6720613384887403,0.2175931586278296,3935307.8807483255,1092021.947515213,1348231.881421684,0.1267869777460599,185000.0,0.33339084411221553,1.289,0.117,18.1,2877.4724724572666,392.4989190324204,4702.417565292957,7972.3889567826445,0.0
2018-11-01,20330978.758667074,17138597.8111411,3192380.9475259744,97826651.98130363,0.6677748807919647,0.14514458131085664,0.1597390572305109,0.027341480666667882,614,3,0.004885993485342019,0.6950212846392267,0.19900341534222643,4414794.716339334,1342654.0492417507,1479240.9103299417,0.1170354417148572,185000.0,0.33339084411221553,1.303,0.119,18.78,3692.305779183494,435.447548151991,4938.661278163758,9066.414605499242,152977.70359636398
2018-12-01,21004641.713218644,16843918.42274719,4160723.290471453,101908805.93377423,0.6796085433154868,0.1472191837101439,0.1443712425806402,0.028801030393729183,614,3,0.004885993485342019,0.6819720327039209,0.21390560476177808,4901813.615022983,1288504.069132913,1670489.126853455,0.1294012109085035,215000.0,0.33339084411221553,1.298,0.111,19.47,3622.705869203884,484.8589097531838,5780.857376321761,9888.42215527883,0.0
2019-01-01,13687310.562281642,11936121.934002565,1751188.628279077,65650587.03693626,0.6922194611732455,0.16548060652937463,0.12458239641511488,0.01771753588226497,614,3,0.004885993485342019,0.6796588170993688,0.28905383486524844,3901384.6542374035,1177638.0928812013,1721033.4705662979,0.11201509253454318,215000.0,0.31429802064207957,1.426,0.114,20.19,3323.7418348115634,480.32649915814284,3659.896015674655,7463.9643496443605,0.0
2019-02-01,14022896.391272066,12456540.232593037,1566356.158679029,69704625.01174247,0.7081551773404897,0.1475636576826395,0.12445939600238101,0.019821768974489763,614,4,0.006514657980456026,0.6565375230704865,0.28504834109765087,4155396.0686040483,1251242.9648167086,1595825.8965832547,0.12349261665894615,215000.0,0.31429802064207957,1.411,0.112,20.8,3575.3653324616,439.6253561180503,3759.662074975163,7774.652763554813,0.0
2019-03-01,15362689.025998324,14064432.232369622,1298256.793628702,81316722.53814702,0.6767789304580162,0.17861815165714887,0.12591044627290193,0.01869247161193299,614,3,0.004885993485342019,0.712364383986005,0.33074769135037857,5049446.624251013,1591745.269033434,1598689.181521767,0.1183712896659579,215000.0,0.31429802064207957,1.373,0.115,21.93,4475.2233682552405,442.9874336154478,4028.8211701649725,8947.03197203566,0.0
2019-04-01,17268705.064781815,13850090.745067103,3418614.319714712,86526558.47199011,0.6795875325942677,0.18101615467323992,0.1226534787911152,0.016742833941377166,614,4,0.006514657980456026,0.7151071643936946,0.25861402127132327,5187357.970895605,1367448.0990387865,1568499.1968737477,0.1160694554801083,215000.0,0.31429802064207957,1.411,0.112,23.64,3681.8835007812504,435.75671467503787,3779.400958740991,7897.041174197279,149742.92293047183
2019-05-01,16988190.2333713,14662277.434477128,2325912.7988941707,91024134.77582057,0.6760436715079658,0.1855134291276482,0.12209738135153222,0.016345518012853694,614,4,0.006514657980456026,0.6839532443222544,0.322495170256984,5278749.446368508,1553291.641970115,1598111.2792103481,0.12392497381808663,215000.0,0.31429802064207957,1.32,0.117,22.79,4237.740991420111,440.03777794733867,4357.265459095245,9035.044228462695,0.0
2019-06-01,16728587.736569874,14014916.703771051,2713671.032798823,82563405.6065676,0.6870758690435873,0.16583000092100011,0.1295882696009898,0.017505860434422777,614,4,0.006514657980456026,0.685744112686484,0.2715779384435682,5355100.839307497,1406719.3276232842,1611606.1218012425,0.12616578004393156,215000.0,0.31429802064207957,1.318,0.119,22.4,3804.8050143468254,442.61854108276935,4532.736770513157,8780.160325942752,0.0
2019-07-01,14513970.096668951,13613208.720040502,900761.3766284492,77087013.19504018,0.7378686671065418,0.13781975983096062,0.10916739822845237,0.015144174834045267,614,4,0.006514657980456026,0.6307043590166198,0.31160474855322473,4881670.661657629,1265241.5260580464,1551931.5264634443,0.3709640614927565,215000.0,0.31429802064207957,1.378,0.126,21.02,3377.2874840832346,306.8242350549356,4634.912724495248,8319.024443633418,0.0
2019-08-01,13651295.665901598,12179877.010641895,1471418.6552597024,66736953.37530135,0.6767103247042885,0.16792134606290016,0.1399420415729739,0.015426287659837527,614,5,0.008143322475570033,0.6527469260130377,0.27488854938978724,4206735.233864905,1084814.1154241527,1489035.0944206233,0.3710034512111196,215000.0,0.31429802064207957,1.341,0.125,22.54,2948.3808084889097,294.3708772387375,4192.9663748053235,7435.71806053297,147204.41688459142
2019-09-01,17190762.675778694,14186946.065987239,3003816.609791456,88051475.65883297,0.6837972546251819,0.1744754398589121,0.12579567021329588,0.015931635302610107,614,5,0.008143322475570033,0.6911207813172862,0.2344836046071391,4714114.95766071,1377603.8846764434,1459790.9732098687,0.40480254096105056,215000.0,0.31429802064207957,1.252,0.121,23.16,3742.4501892999747,273.0821970573039,4100.675066053303,8116.207452410582,0.0
2019-10-01,20385160.569179267,16374925.794013271,4010234.7751659956,99857513.97745349,0.6856761582819627,0.16354816348297743,0.12362848770319688,0.027147190531863073,614,5,0.008143322475570033,0.6878272294843695,0.22761581030736405,4721006.055363299,1263570.7217864776,1493641.4796880116,0.3837221847533578,215000.0,0.31429802064207957,1.226,0.12,24.02,3424.271168829665,289.3107333064,5080.412149379823,8793.994051515889,0.0
2019-11-01,25598438.19801637,21196971.630255915,4401466.567760456,122971817.38724388,0.6685623871642349,0.16874768973814142,0.12770069493436922,0.034989228163254324,614,5,0.008143322475570033,0.7522966254892882,0.18427488752778026,5775346.868543761,1887079.4297702743,1496063.6387796153,0.36692944635744545,215000.0,0.31429802064207957,1.264,0.114,22.37,4989.965070102615,297.6760040047786,6707.368531640766,11995.00960574816,56525.98702274932
2019-12-01,26279693.031071942,20685381.61218593,5594311.418886013,120047766.6074828,0.68051954588064,0.14461256486008967,0.13958363538288615,0.03528425387638417,614,6,0.009771986970684038,0.7435064787582717,0.22859704120015423,5984040.722476744,1691732.2750647976,1724606.6162023202,0.3412817361689771,215000.0,0.31429802064207957,1.255,0.117,24.95,4594.349730257304,357.05194142218625,7036.609436844205,11988.011108523697,144708.94467843356
2020-01-01,15433871.876300609,13256140.961162984,2177730.9151376244,79534198.99239913,0.691750708803878,0.1453807523801927,0.14435617580104004,0.018512363014889174,614,6,0.009771986970684038,0.6677849401091951,0.2810156255285562,4332216.6987350965,1263156.2190363626,1958460.6710528808,0.35110433469793023,250000.0,0.29755173612271174,1.205,0.12,24.12,3520.511057115718,378.1396485933215,3672.521494255472,7571.1721999645115,0.0
2020-02-01,14367449.609146444,12548208.256336879,1819241.3528095651,76590168.41614848,0.686588030726372,0.1673712126826565,0.12730094078530874,0.018739815805662807,614,6,0.009771986970684038,0.6416252060573763,0.24561466555834252,4797824.828000062,1312497.198003234,1850611.685081117,0.3848838334971826,250000.0,0.29755173612271174,1.167,0.131,24.42,3588.998176288918,338.7153900684154,3148.671863066821,7076.385429424154,0.0
2020-03-01,14291529.809901968,12612360.080121655,1679169.7297803126,78848801.68050857,0.6773401620918923,0.15014374355300375,0.15957070503527285,0.012945389319831168,614,7,0.011400651465798045,0.6390748487544944,0.22456015641204669,4595332.882253677,1263594.8230788058,1740478.98348818,0.36463401200084605,250000.0,0.29755173612271174,1.139,0.125,25.59,3500.223929986363,329.04495374176093,3658.7971204108567,7488.06600413898,142865.14215745238
2020-04-01,12629141.867016157,12087961.075695693,541180.7913204636,66239025.15738949,0.6748570046559799,0.17057051684707578,0.13995427510715472,0.01461820338978968,614,7,0.011400651465798045,0.5914132503491215,0.30276438248625476,3838326.22645732,1119406.2883443248,1890853.858474768,0.3639484191524759,250000.0,0.29755173612271174,1.142,0.122,24.16,3031.403548828224,357.8596963161405,3499.457074335316,6888.72031947968,0.0
2020-05-01,15031871.812312154,12481451.401963798,2550420.410348356,75560679.87216026,0.6556686100169868,0.17726758602297732,0.14984122754788856,0.01722257641214722,614,8,0.013029315960912053,0.6800216816881536,0.26246045295091547,4509009.928654694,1053853.5836980715,1740771.4240014616,0.3841813858696293,250000.0,0.29755173612271174,1.172,0.119,23.55,2920.4214745156355,318.975296234161,3931.3245386809585,7170.721309430755,124257.83795909579
2020-06-01,16847015.5662357,14205472.866880761,2641542.6993549373,86010008.34028156,0.6680215398039115,0.17121400735124723,0.1471488675361063,0.013615585308735098,614,8,0.013029315960912053,0.619725972054875,0.2594206475558003,4786324.920317909,1137693.5566723556,1752620.0606484977,0.345697959521413,250000.0,0.29755173612271174,1.184,0.119,23.94,3042.9048628686905,341.2153353855951,4328.1138024807,7712.234000734985,17391.172588919948
2020-07-01,15437937.704048714,13507463.628089938,1930474.0759587754,82118173.06587169,0.6643746910964288,0.17679953293095604,0.14421490453904567,0.014610871433569367,614,9,0.014657980456026058,0.633537151043329,0.3173857775781162,4576449.66205663,1231180.4086346056,1736345.2290938427,0.36994621851880166,250000.0,0.29755173612271174,1.191,0.122,29.31,3288.037732810128,325.51888491664175,4114.052001828387,7727.608619555156,117959.41144734286
2020-08-01,14731830.663857095,12913828.493192324,1818002.1706647705,72828619.0968037,0.677740233519456,0.1751416367706799,0.13075472496427948,0.016363404745584578,614,9,0.014657980456026058,0.6411949335869673,0.24429886436000783,3873351.096801157,1168735.2382801247,1860207.626949733,0.37532135664980226,250000.0,0.29755173612271174,1.161,0.124,31.94,3238.5645337419082,345.7646321128576,3576.396505603519,7160.725671458285,22483.81974420102
2020-09-01,17421125.161123168,14060549.127510613,3360576.033612555,90269028.39342126,0.6698813442872262,0.1856573566064586,0.1303331323402681,0.01412816676604707,618,9,0.014563106796116505,0.6407753622733983,0.19641274588005997,4906439.677108063,1337325.6013693102,1837975.954134392,0.37462139501327646,250000.0,0.29755173612271174,1.142,0.131,37.03,3568.5212423578605,342.01514145811683,4017.861217328894,7928.397601144871,0.0
2020-10-01,20447444.58990747,17165871.468030978,3281573.121876493,102668919.33304755,0.6763534008544322,0.16239488318703915,0.136155953440305,0.02509576251822361,614,10,0.016286644951140065,0.7301055526899656,0.19207104200689576,4407721.002354713,1239688.6067094326,1879684.4756150045,0.388530799028916,250000.0,0.29755173612271174,1.189,0.13,41.36,3339.258135596503,341.99679030779185,4598.0920760333,8279.347001937595,138653.78006741928
2020-11-01,25154313.303380836,18994682.051528852,6159631.251851983,114008134.35584378,0.6652486012345592,0.16034729320383617,0.14935485729643286,0.025049248265171756,614,11,0.017915309446254073,0.6977448376250165,0.2613010502129348,5477418.4073030995,1516599.0795059395,1940313.2814422182,0.3835901174301737,250000.0,0.29755173612271174,1.171,0.137,43.74,4120.809928456153,355.8802917497978,4914.799050965545,9391.489271171497,138062.37749571848
2020-12-01,24581175.342950597,19618039.32890265,4963136.014047947,115126274.3081515,0.6665288888003955,0.18429936413651993,0.12331426623969025,0.025857480823394483,614,11,0.017915309446254073,0.6958148311866159,0.25897778692639134,5664251.3285846235,1583643.315480598,1862650.828729248,0.3436999196915288,250000.0,0.29755173612271174,1.197,0.141,42.96,4470.612104607398,363.74446705461804,5187.349728993985,10021.706300656002,0.0
2021-01-01,15863113.565291964,14081266.613148956,1781846.952143008,79495492.60305314,0.6607947099988953,0.16005725560702674,0.16063037942494515,0.018517654969132807,614,12,0.019543973941368076,0.5971596045702637,0.26676259448460843,4589572.876718978,1407963.2559629267,1955575.5594196462,0.36878156780222704,250000.0,0.27320992128424104,1.24,0.142,47.41,3997.4951636510154,337.24905330924736,4130.688338002476,8465.43255496274,136887.1291544438
2021-02-01,16959189.530365925,14709656.505993249,2249533.0243726764,85867000.4915668,0.6657796236071729,0.16585124584404345,0.15264666928737428,0.015722461261409238,614,12,0.019543973941368076,0.6072335170112283,0.2765494671196482,5256812.370762404,1420674.8697475751,1943657.835617009,0.38816116587435195,250000.0,0.27320992128424104,1.23,0.142,45.3,4036.2804119246803,324.90269844774014,3990.8042551023846,8351.987365474804,0.0
2021-03-01,17932881.425499287,15882778.245875569,2050103.1796237174,96535276.54737219,0.6464879356077393,0.184272833630464,0.1547653208547501,0.01447390990704663,614,13,0.021172638436482084,0.5416427289326489,0.2972079753436661,5890924.394538437,1467979.3071793523,1829357.0638905454,0.38253888418242493,250000.0,0.27320992128424104,1.231,0.157,51.6,4045.3374091336505,308.60613913971673,4003.425185672791,8357.368733946158,135721.88504957975
2021-04-01,19380663.13747673,16477570.10237737,2903093.035099361,101887481.93403439,0.6497113295812855,0.175355723506509,0.16242466757231416,0.012508279339891385,675,15,0.022222222222222223,0.5803392099027981,0.23380612016058228,5445024.150473429,1552204.6336904834,1877842.6525938357,0.37399268657548035,250000.0,0.27320992128424104,1.267,0.152,53.82,4096.092099039841,321.1700744230566,4391.291654806105,8808.553828269003,270285.9758895016
2021-05-01,22413968.066346202,18305182.14689431,4108785.9194518924,116205677.67318842,0.6674277145287425,0.14918329464192767,0.1650931006961463,0.018295890133183564,675,16,0.023703703703703703,0.7120730277109414,0.20836829701160609,6467882.430705283,1491191.9240863947,1737848.907682219,0.3759984637492062,250000.0,0.27320992128424104,1.322,0.154,48.26,4191.071644940223,296.2744088897138,5921.187353039316,10408.533406869254,134566.56002061494
2021-06-01,20651210.71113286,18601965.386759944,2049245.3243729174,107451772.77048302,0.6843463293882183,0.14919802181709713,0.14940104635482532,0.01705460243985938,725,18,0.02482758620689655,0.7088333527484599,0.3121186188955746,6861254.233782204,1661710.5703126132,1790050.1066031551,0.372841260638972,250000.0,0.27320992128424104,1.392,0.151,49.93,4548.956454236535,306.7179073317689,5563.890654927703,10419.565016496006,267985.1814906556
2021-07-01,17916181.982590724,16556561.598639889,1359620.383950835,91817231.72296101,0.6966584652819701,0.15208420213787532,0.13484329191807926,0.0164140406620754,723,19,0.02627939142461964,0.6132867818046818,0.36922275282428746,6575230.137732444,1668489.9231327977,1790102.5576117618,0.3712398510900391,250000.0,0.27320992128424104,1.445,0.168,54.37,4445.08179529617,307.51010202134773,5187.951651437995,9940.543548755511,133421.0696319667
2021-08-01,18957383.865033392,17466766.305632196,1490617.5594011955,96151619.77033676,0.6809336227916731,0.15195681868774896,0.15123738169123022,0.015872176829347752,760,21,0.02763157894736842,0.6172390747530269,0.3136868964673643,6242951.310530891,1691048.2035634338,1810759.682251851,0.38411376993471014,250000.0,0.27320992128424104,1.481,0.183,55.98,4674.681828601915,304.6897023368252,5263.373970030589,10242.74550096933,265703.9724766875
2021-09-01,29046854.33751898,24268930.92037489,4777923.41714409,127116409.02562416,0.6914084729947769,0.15633076475295615,0.12088125793848503,0.031379504313781836,759,22,0.028985507246376812,0.713423408588603,0.23795792394287532,6357923.234055523,1856620.8147662925,1991200.604103303,0.39170373888530374,250000.0,0.27320992128424104,1.484,0.186,60.61,4917.046940820926,330.92275298294476,7675.282631260094,12923.252325063964,132285.33016680562
2021-10-01,32203354.52236136,26242927.594664406,5960426.927696954,130955081.46244317,0.667978050945963,0.16575062837775847,0.11997890923024425,0.04629241144603418,763,23,0.03014416775884666,0.7503695934791402,0.20548749259112264,5807350.190328257,1569396.9299318348,2026551.8824394376,0.38305525085155673,250000.0,0.27320992128424104,1.48,0.199,59.98,4326.355125853355,341.5863165681602,8848.62614326751,13516.567585689025,131721.09106404832
2021-11-01,35656032.19116745,29424563.287193086,6231468.903974365,138571444.69278932,0.6860422854855388,0.14800229808326643,0.12058181778566891,0.04537359864552603,763,24,0.03145478374836173,0.7214294011301763,0.23365314410786794,6335468.7215079125,1751344.4809079021,2151238.148429929,0.3615295933008784,290000.0,0.27320992128424104,1.505,0.21,58.29,4922.980357873633,375.25434476279725,9149.819825927289,14448.054528563718,131159.25862093255
2021-12-01,32905571.545510788,27916399.215790745,4989172.329720043,140022915.72857204,0.6588104067022197,0.18059856289029308,0.11788787317969306,0.04270315722779415,763,26,0.03407601572739188,0.7331128569281977,0.21301748758808164,6094171.582717616,1658754.6737523808,2202173.6138401553,0.38274045583955524,290000.0,0.27320992128424104,1.572,0.215,60.97,4509.473385865072,371.3777105879187,9149.002957986655,14029.854054439646,261199.64514457254
2022-01-01,24155472.17854835,20173564.01275575,3981908.1657925993,96707308.37752418,0.6664513313503149,0.19943083987483684,0.10107170138313705,0.03304612739171129,763,28,0.03669724770642202,0.693642224104244,0.1614591181388539,5037019.879400594,1357831.9124542163,2110886.9324896075,0.35199520898410985,290000.0,0.26492542893976134,1.63,0.231,63.95,3841.5219825524923,362.38218093792136,5282.629414484636,9486.53357797505,130042.7726967216
2022-02-01,20458021.363976046,18622067.629584566,1835953.7343914807,89479929.8986795,0.6813312000751061,0.1844989023152001,0.10332581267160254,0.030844084938091272,763,28,0.03669724770642202,0.642200358212174,0.24140444201473055,5005121.471467761,1350019.4523757675,2215220.673682295,0.35776799609805376,290000.0,0.26492542893976134,1.578,0.244,65.53,3824.712831855565,376.90559609666104,5122.846682804023,9324.46511075625,879488.0988164527
2022-03-01,21815098.409062214,18390299.887308165,3424798.5217540488,102391699.18688692,0.6732636376573307,0.19394372348230204,0.11667602166120439,0.01611661719916296,763,29,0.03800786369593709,0.6175999986413816,0.30774548847974614,6601152.7792623555,1753299.8988194617,2311932.9924570355,0.36510452506755503,290000.0,0.26492542893976134,1.599,0.255,72.98,5048.817785462239,388.86702767186085,5453.665090079846,10891.349903213946,878935.7907971008
2022-04-01,24151177.581141435,21289196.82715756,2861980.753983874,114383101.30068097,0.6568696019460797,0.17770581415969577,0.1469174320074724,0.018507151886752077,763,31,0.04062909567496723,0.6549956436562048,0.25238305632701824,6479154.523445156,2014750.7069326236,2171944.9062753846,0.49976042767019574,290000.0,0.26492542893976134,1.713,0.263,71.96,5272.176829616311,287.8395687059908,5688.028848482658,11248.045246804959,256771.67709502653
2022-05-01,25059116.974682484,21707719.55140225,3351397.4232802354,118070845.78411122,0.6779983757573183,0.16296889072220583,0.13821928211167064,0.020813451408805445,812,34,0.04187192118226601,0.6390758074984253,0.21671217183301877,7156039.705564286,1770503.446161123,2257074.442073628,0.4894129813156378,290000.0,0.26492542893976134,1.762,0.276,75.88,4909.231833813467,305.30878309268957,5182.284543183084,10396.82516008924,383514.69605875254
2022-06-01,25102907.91026878,21711000.58313858,3391907.3271301985,112897699.90764366,0.6693472360851873,0.16799189675627188,0.14093992108226797,0.02172094607627285,812,36,0.04433497536945813,0.6526909897088643,0.27456812410184606,7034536.025352584,1794152.324368991,2297214.7192356344,0.5377439849079602,290000.0,0.26492542893976134,1.737,0.287,78.64,4818.822682246623,281.3246632025858,4828.7646189043035,9928.911964353512,254585.92241612278
2022-07-01,21624580.751343966,20124458.86807626,1500121.8832677044,100708262.30055445,0.6913001238586729,0.15578676258436241,0.13263236006648724,0.020280753490477383,812,38,0.046798029556650245,0.5992720350269506,0.28833567943527516,6614228.387085393,1582579.0588106995,2319458.8347522076,0.5541956673550029,290000.0,0.26492542893976134,1.883,0.289,73.8,4170.099764322746,273.9394631244321,5135.362741029335,9579.401968476512,253500.03230073673
2022-08-01,18638508.69358679,18651552.27477203,-13043.581185240299,90582633.10104969,0.6936202409722787,0.15195316807965345,0.14004291295017934,0.01438367799788854,812,39,0.0480295566502463,0.6074789423989246,0.34746033438561263,5894419.467310678,1588683.077034016,2270015.014829777,0.5472742906677226,290000.0,0.26492542893976134,1.859,0.276,70.11,4245.932607378238,272.2623155697417,4400.963484289869,8919.158407237848,180816.78208130327
2022-09-01,23905900.022432882,22048686.304870725,1857213.7175621577,113263572.56025966,0.6632629057750493,0.15325368821799135,0.16724568622384653,0.016237719783112708,812,41,0.050492610837438424,0.6543950908484523,0.3040942498065919,7303788.403793321,1998270.4333050195,2411761.6978965695,0.5098612625932754,290000.0,0.26492542893976134,1.858,0.288,72.05,5355.077404061781,313.16777559747226,5595.319513914502,11263.564693573755,251342.12731693068
2022-10-01,31214809.549402066,25331008.159244798,5883801.390157267,126158004.47257565,0.6693917892513228,0.16737290614399758,0.13610126377159393,0.027134040833085585,812,43,0.05295566502463054,0.6655365704264298,0.23645779670935937,6177135.03164492,1747383.0039134957,2444339.2614615727,0.4861042338584413,290000.0,0.26492542893976134,1.855,0.27,81.85,4586.670340164479,332.7822619685444,6748.887859995434,11668.340462128457,250270.0730216918
2022-11-01,34590272.55994218,29124614.345072135,5465658.214870043,145667247.1524417,0.6759614827900223,0.17153224046585713,0.1276879483629518,0.02481832838116869,812,45,0.05541871921182266,0.7138946045455363,0.2347183089534689,7396516.012974393,1924597.4984571752,2485284.321476249,0.5114966299053011,290000.0,0.26492542893976134,1.811,0.269,84.77,5273.226656725531,321.63795370173074,7866.374929767974,13461.239540195236,345199.79367328837
2022-12-01,30292793.110005625,26503583.116378356,3789209.993627269,139556232.26902872,0.6418980188092702,0.15660659358540516,0.1758221682899834,0.02567321931534103,812,47,0.05788177339901478,0.6645488727693735,0.1451771394665745,5898390.646473875,1662207.607522474,2485153.3900338546,0.44900797976720014,290000.0,0.26492542893976134,1.757,0.26,77.4,4663.531999591342,362.76230691579207,6840.182927853352,11866.477234360485,248139.6628873439
2023-01-01,19729667.61786597,18158176.59836326,1571491.0195027068,87132993.17005508,0.6542105827077789,0.18216082488385135,0.14382229184722758,0.019806300561142198,812,49,0.0603448275862069,0.6431485302533738,0.229141736553472,4640261.073197289,1308263.1019180943,2471592.324323892,0.4455498773408571,290000.0,0.2540518526839191,1.849,0.272,66.64,3665.1447093302404,348.1462231202123,4276.0609846765765,8289.351917127029,247081.26812377103
2023-02-01,19376357.242867805,17729605.453655526,1646751.789212279,85597797.67317924,0.6773275106843998,0.14658186211615334,0.15838566472130933,0.017704962478137513,812,51,0.06280788177339902,0.6752756008910014,0.20939495551877246,4656247.828217739,1232281.6472062278,2373914.3185188705,0.4183651816423045,290000.0,0.2540518526839191,1.865,0.255,71.9,3398.755106690395,350.78240641266814,4298.483685983404,8048.021199086467,246027.38775126013
2023-03-01,22423346.032163806,19394884.445831437,3028461.5863323696,106347087.45087498,0.6511577929954712,0.1728723152990297,0.1567887763031146,0.01918111540238445,812,53,0.06527093596059114,0.73080383878519,0.23034507742420585,5036158.186498472,1317307.0239302642,2470074.913154915,0.44766389362750036,290000.0,0.2540518526839191,1.866,0.243,73.45,3607.6999349223615,346.60587945110234,5297.173936617384,9251.479750990848,244978.00251449147
2023-04-01,22711597.91983686,21760350.626490258,951247.2933466025,108747276.51907654,0.6442240748243822,0.18407923148606678,0.1557642071825113,0.01593248650703989,812,55,0.06773399014778325,0.6594548770546447,0.20103445078135646,4935958.676762003,1402782.5821395665,2431289.3208839684,0.48825205330912985,290000.0,0.2540518526839191,1.852,0.231,79.88,3762.0957488436156,316.09317420332627,5256.200082705978,9334.38900575292,243933.0932402752
2023-05-01,23569376.631775577,20972313.543108903,2597063.0886666737,116027467.07438433,0.6505946830897765,0.17900349437827626,0.15400728494391108,0.016394537588036034,812,57,0.07019704433497537,0.6918012900584442,0.2462598043711205,5877583.175554441,1439304.4025420004,2411365.221758304,0.5312582811818338,290000.0,0.2540518526839191,1.76,0.231,77.17,3909.9277242737835,287.1567090777421,5241.217527868202,9438.301961219728,194131.0026111182
2023-06-01,24028409.08872363,21441362.312992916,2587046.775730714,114258107.16254772,0.6469744167996212,0.18534012324294633,0.14723979225214223,0.02044566770529018,811,59,0.07274969173859433,0.7133312282582172,0.2954477979771448,5948604.579728728,1386044.4213411822,2342793.5657562553,0.5425659247037182,290000.0,0.2540518526839191,1.795,0.217,80.01,3830.332242356965,272.26066567677384,5767.868157016185,9870.461065049923,290618.26452140836
2023-07-01,19931287.45738519,18463237.979044255,1468049.478340935,95889177.58268991,0.6915626547262905,0.13290401347071557,0.1604890333979034,0.015044298405090556,772,59,0.07642487046632124,0.6064695828708778,0.2991290526320014,5592924.812960882,1409562.9995369625,2430214.1943645612,0.5631397290212312,290000.0,0.2540518526839191,1.723,0.213,83.73,3818.1625034034496,269.71771412703725,4945.657449271521,9033.537666802007,0.0
2023-08-01,19176457.88123836,18113298.269024383,1063159.6122139767,91686294.96503443,0.6855432182992987,0.15925306126324132,0.13803528403281015,0.017168436404649726,771,60,0.07782101167315175,0.6357073501052661,0.3269716753666542,5030622.044550999,1137192.4526848164,2394584.9373039906,0.5426005120523772,290000.0,0.2540518526839191,1.722,0.198,80.22,3006.2374734945824,278.25840204658,4739.863564741838,8024.359440283,119898.91758010522
2023-09-01,24534236.464454662,21833991.462389056,2700245.0020656064,121800792.76940978,0.6413574341134818,0.1779941786904842,0.16386711843373436,0.016781268762299607,772,63,0.08160621761658031,0.6898390680461178,0.24219040109667278,6190166.567122403,1634886.4354333666,2683976.646783829,0.562883355408358,290000.0,0.2540518526839191,1.633,0.203,77.18,4333.862292456934,298.05639409734187,6939.956100675894,11571.874787230168,358162.5314266262
2023-10-01,31309065.9277185,26216588.832685035,5092477.095033467,147567321.3528915,0.6332742493479357,0.19118478640308856,0.14455351988181844,0.030987444367157228,772,65,0.08419689119170984,0.762570767801167,0.13995952872888298,5313211.2956687305,1272378.1862003128,2530263.928983808,0.49549905363675667,290000.0,0.2540518526839191,1.547,0.201,76.22,3455.866901241438,324.30240988358713,8620.412269673941,12400.581580798967,237756.5693706072
2023-11-01,36915260.00983173,29882823.75499124,7032436.254840486,168760918.27493313,0.6360664100302597,0.18945342536753573,0.1434136511962827,0.03106651340592203,772,67,0.08678756476683938,0.7932123221571306,0.16735217051989976,6372570.198802231,1603563.8554792837,2782149.7341581527,0.44139183298818563,290000.0,0.2540518526839191,1.578,0.192,77.22,4490.522562150171,394.8300029837482,10557.593231585153,15442.945796719072,236742.46181078325
2023-12-01,34111988.53476836,27117722.623431686,6994265.911336672,155038040.8733186,0.6304855344370879,0.19746125899825295,0.1410654782741032,0.030987728290555953,772,68,0.08808290155440414,0.7755130580481924,0.16150602904562025,6117703.765035467,1492961.8880919688,2731036.380885881,0.41324482637968457,290000.0,0.2540518526839191,1.555,0.203,75.54,4245.791648432922,407.10532167997326,8686.691164181551,13339.588134294447,235732.67974297667
2024-01-01,18099610.98196887,16924789.788808327,1174821.1931605414,91921206.0337788,0.6402143964304072,0.20508704924255566,0.13833454084389638,0.016364013483140614,772,72,0.09326424870466321,0.728656757938328,0.2144210522100374,4672946.050449886,1173083.2970369298,2510575.4879073007,0.5856516052447968,290000.0,0.2341651268811825,1.487,0.194,77.81,3412.747724379408,243.59095777918918,4614.368842200212,8270.70752435881,352090.8070763737
2024-02-01,16524279.665230462,15911778.655713072,612501.0095173903,86834411.48996855,0.6601069631541551,0.18778481362744884,0.13612182548372553,0.015986397734670484,772,74,0.09585492227979274,0.6871386386063838,0.18796876908890855,4205117.865846506,1102488.1714363724,2494836.7681348394,0.6193771430989531,290000.0,0.2341651268811825,1.535,0.201,73.7,3098.098955372642,222.3613073248304,4487.116689430783,7807.576952128255,233726.01836369713
2024-03-01,20375714.356025256,19520817.017555263,854897.3384699933,110853567.44034971,0.6455664521076426,0.20535897071060438,0.12661312922091167,0.02246144796084127,772,76,0.09844559585492228,0.7024304026410338,0.19712768838765704,5104191.274700377,1276087.3716066473,2645475.78834828,0.6292863490714531,290000.0,0.2341651268811825,1.643,0.195,66.98,3566.8361167101984,229.64901542051084,5214.38565736163,9010.87078949234,232729.10238876686
2024-04-01,22492183.86037315,20174257.595997136,2317926.2643760145,115745844.16340148,0.6556504509977557,0.1981526122598184,0.12948818333642195,0.01670875340600403,772,79,0.10233160621761658,0.6933801100052762,0.20849934620066443,5206251.028625592,1339434.3511229146,2763628.579031724,0.6374460248725133,290000.0,0.2341651268811825,1.699,0.207,73.19,3505.800451162086,234.62515061972383,5214.2646419032535,8954.690243685063,268190.57675628894
2024-05-01,23412863.13105704,20828892.789909404,2583970.341147635,122670848.58287968,0.6371052470816199,0.20793487903916055,0.13799923199741476,0.016960641881804857,772,81,0.10492227979274611,0.646600248326724,0.23308159597819658,6468846.7069891635,1468683.418543942,2860167.380929655,0.6969124932742068,290000.0,0.2341651268811825,1.669,0.21,68.6,3997.239630390981,202.99329942716884,4744.387131348764,8944.620061166914,272326.6917057437
2024-06-01,20139827.028823443,17734127.64694787,2405699.3818755746,102150420.53228725,0.6447077132074794,0.19376105959317436,0.14856032943823233,0.01297089776111393,772,83,0.10751295336787564,0.6888979567803538,0.25696632310292056,5245755.968634772,1218873.1210225357,2633322.418003609,0.6941398299424506,290000.0,0.2341651268811825,1.656,0.199,64.78,3226.9747709194708,188.60325345208426,4164.510493005415,7580.088517376969,267599.1931812597
2024-07-01,19077271.258576177,19373317.05443313,-296045.79585695267,95728608.55516791,0.664038492417834,0.18925689217656022,0.13193151954914786,0.014773095856457993,772,86,0.11139896373056994,0.6465851742745526,0.30688545755134594,5587408.48922424,1376463.1178687927,2743947.57640325,0.7132486670644541,290000.0,0.2341651268811825,1.685,0.192,64.18,3683.8223466188833,184.24829314623238,4281.540454724154,8149.61109448927,343175.66872712225
2024-08-01,18805824.564091332,18039375.29447338,766449.2696179524,93331844.27065584,0.657884586513848,0.18879154952088834,0.13666810189536924,0.016655762069894366,772,88,0.11398963730569948,0.6167368701473075,0.33680974497848176,6013570.90347252,1220606.0747193522,2733139.762976759,0.6551436993175284,290000.0,0.2341651268811825,1.719,0.197,65.15,3530.164163397239,220.71010825840378,3935.3568413253633,7686.231112981006,196035.45294026777
2024-09-01,21220540.35691311,20030450.075837575,1190090.2810755335,112260617.85252632,0.6560046859875195,0.19721093852269775,0.13167267721133613,0.015111698278446556,776,90,0.11597938144329897,0.6647541923873964,0.24099367862447688,6162458.830615416,1447441.3578370314,2726463.9166672044,0.6631725187459966,290000.0,0.2341651268811825,1.679,0.195,64.51,3925.1090119474516,215.04506980149054,4727.267597348036,8867.421679096979,258608.76036546205
2024-10-01,26123947.804488674,23160878.7755364,2963069.0289522745,119267384.63734874,0.6438389839285895,0.17705247202385568,0.15485893142687285,0.024249612620681947,772,93,0.12046632124352331,0.6910768477731695,0.23341026289378372,5169112.65748402,1173896.7783110598,2905526.5538667985,0.6692312549828223,290000.0,0.2341651268811825,1.663,0.194,65.31,3117.129171685865,225.04612141621462,5495.664288644158,8837.839581746237,247590.51920276915
2024-11-01,30334880.25140418,25778565.626157794,4556314.625246387,142313604.16779238,0.6682914882663372,0.15983750987420964,0.143458229641569,0.028412772217884234,772,95,0.12305699481865284,0.734883624185696,0.15383259084930753,5580424.588862205,1418443.5298369979,2780749.934331006,0.6236372020305457,290000.0,0.2341651268811825,1.662,0.204,66.0,3909.246409242476,245.07039019912804,6355.798703652525,10510.11550309413,316117.93087059015
2024-12-01,29457814.6268866,26110275.81577096,3347538.8111156374,138147098.42771903,0.632235397159951,0.1890664276534005,0.15218563855027198,0.026512536636376656,772,97,0.12564766839378239,0.7068410125844378,0.17367196932460413,5143403.4185755635,1181071.6390793526,2865964.7663542647,0.6099055099133635,290000.0,0.2341651268811825,1.672,0.197,67.43,3275.2386385904456,261.7959243764848,6368.0498061882045,9905.084369155134,223946.04575582786
2025-01-01,18255026.861821767,16661517.478344483,1593509.3834772836,86869619.00461748,0.6611309378792236,0.16271530141466045,0.16186776460066366,0.014285996105452359,734,97,0.13215258855585832,0.7171736174036217,0.19073261865406205,4426406.267711479,991250.2016395062,2657184.8945890917,0.5752780740729515,290000.0,0.229514065326663,1.648,0.197,60.17,2752.472809004597,259.02146906203376,3629.005264486667,6640.499542553298,0.0
2025-02-01,17525119.03071671,16592696.89172098,932422.1389957294,86831579.00477327,0.65574320400544,0.17660018091473775,0.1537227371431646,0.013933877936657658,734,96,0.1307901907356948,0.6668258181610452,0.20008417618037325,4069930.2724258266,1030593.8638563514,2767966.5317581207,0.588232197356333,290000.0,0.229514065326663,1.629,0.204,68.36,3015.538524887793,261.59083555319813,3594.539871313674,6871.669231754666,0.0
2025-03-01,21352050.37192444,19458695.23236463,1893355.1395598128,106447843.62786868,0.66707234392159,0.18509002693588938,0.1301588926132432,0.017678736529277435,734,98,0.1335149863760218,0.6790871819713287,0.251546202089078,5608292.907265735,1377755.2070220357,2753575.2370888656,0.5932461905781222,290000.0,0.229514065326663,1.681,0.208,68.55,3839.449705146876,257.06199989967246,4181.889646910231,8278.40135195678,221092.64726932853
2025-04-01,23433564.629555862,20690069.045894913,2743495.583660949,118064534.56858991,0.6610023350618895,0.1876695419868676,0.13475205504576765,0.016576067905475146,734,101,0.13760217983651227,0.68084075866194,0.19816897192043562,5867291.751037914,1398461.9874293995,2822487.733590488,0.6217887112234239,290000.0,0.229514065326663,1.714,0.204,71.49,3786.1837841422475,245.00551268227312,4436.032954472787,8467.222251297308,220149.61664934835
2025-05-01,26253625.827988654,22796572.19201144,3457053.635977216,126426042.9911339,0.6406615010129401,0.16955248563807254,0.17303245718611232,0.01675355616287508,734,103,0.14032697547683923,0.7170122622314196,0.22440054233598816,6724185.912934847,1374316.9949216577,2881778.8775203787,0.6854620968889878,290000.0,0.229514065326663,1.706,0.2,66.9,3693.1617607963403,208.03813250679315,4936.105996408551,8837.305889711684,219210.60835558194
2025-06-01,24534412.712212358,20317037.792367555,4217374.9198448025,112963477.07874893,0.6627327435661046,0.17822102267154433,0.1448642564072912,0.014181977355059935,734,105,0.14305177111716622,0.677742148961959,0.21576951730271926,5317327.256360563,1194426.2753986854,2927803.772126689,0.701090516340763,290000.0,0.229514065326663,1.758,0.187,66.4,3206.6296144728562,200.85884725987057,4007.3269803445437,7414.815442077271,218275.60523152322
2025-07-01,19975482.63495485,18151869.889593802,1823612.7453610487,98857023.49032414,0.6522394508728842,0.17320582722941294,0.1606396523347093,0.013915069562993626,734,107,0.14577656675749318,0.6127777634505978,0.26011711673333804,5292274.512271568,1192173.796897682,2704632.5748458314,0.6822676677458642,290000.0,0.229514065326663,1.701,0.181,65.1,3300.0175099835587,197.23273207563415,4069.945401575736,7567.195643634928,217344.5901938441
2025-08-01,19306845.358766183,17687321.80674662,1619523.5520195626,96765593.41398709,0.6397081720654971,0.18390447667051718,0.16430865296149505,0.012078698302490554,734,109,0.14850136239782016,0.6789399692833342,0.2607120035817366,5285004.261906556,1061949.5626987938,2769752.114117605,0.6644932459341427,290000.0,0.229514065326663,1.751,0.186,71.41,2898.0249129841695,213.28065973920343,4008.608463518412,7119.914036241786,216417.54623208992
2025-09-01,26549366.11789859,21185581.032732174,5363785.085166417,129469111.3071685,0.6315357289678798,0.18765239853069435,0.1666699060874876,0.01414196641393831,734,111,0.15122615803814715,0.7031023787298819,0.23197957037237868,6973112.18971061,1416165.3473672546,3127157.5110949823,0.6480385630596143,290000.0,0.229514065326663,1.741,0.187,69.32,3586.6607010127764,252.61209718250672,4643.478049607256,8482.75084780254,215494.4564083534
2025-10-01,31883367.868908275,27819042.44119139,4064325.4277168848,136563066.54940996,0.6227021884320161,0.2059322163431742,0.14792765450948828,0.023437940715321428,734,113,0.1539509536784741,0.7523726815736398,0.17380326438003066,6021021.00023929,1322389.510319718,2974133.1287076143,0.6575281790788673,290000.0,0.229514065326663,1.865,0.189,72.56,3738.8727297391542,233.77310923740967,6045.303194307147,10017.949033283712,214575.30385697295
2025-11-01,34512321.792202145,27258566.46588157,7253755.326320574,151240362.92153132,0.655252885965972,0.18593855002563706,0.13503628446747012,0.023772279540920902,734,115,0.1566757493188011,0.7324096525387708,0.19281473794815462,6704444.330516376,1467977.4071799677,3217115.6996310106,0.5986924820362558,290000.0,0.229514065326663,1.747,0.197,70.03,4035.2616904185033,296.31475749684154,7027.531128915246,11359.107576830591,213660.07178423184
2025-12-01,36416069.437813275,28104682.496827863,8311386.940985411,155312007.33143297,0.6618596555036195,0.17691911051031448,0.1373560458777962,0.02386518810826975,774,123,0.15891472868217055,0.7150227169850013,0.2453733796939139,6787519.416941404,1663798.0934894125,3218504.3307544296,0.5783807529207137,290000.0,0.229514065326663,1.681,0.189,68.67,4572.085066282943,311.4467704385297,7375.972336911208,12259.504173632682,850994.9738721459
